velo_in,temp_in,time,frac,temp_pcm
0.3,80.0,0.0,0.0000,30.0000
0.3,80.0,20.0,0.0000,30.7864
0.3,80.0,40.0,0.0000,31.8199
0.3,80.0,60.0,0.0000,32.8850
0.3,80.0,80.0,0.0000,33.9569
0.3,80.0,100.0,0.0016,34.9825
0.3,80.0,120.0,0.0059,35.9073
0.3,80.0,140.0,0.0119,36.7628
0.3,80.0,160.0,0.0191,37.5659
0.3,80.0,180.0,0.0272,38.3265
0.3,80.0,200.0,0.0360,39.0520
0.3,80.0,220.0,0.0454,39.7416
0.3,80.0,240.0,0.0551,40.4076
0.3,80.0,260.0,0.0653,41.0398
0.3,80.0,280.0,0.0757,41.6545
0.3,80.0,300.0,0.0864,42.2439
0.3,80.0,320.0,0.0974,42.8044
0.3,80.0,340.0,0.1082,43.3593
0.3,80.0,360.0,0.1194,43.8859
0.3,80.0,380.0,0.1304,44.4030
0.3,80.0,400.0,0.1416,44.9006
0.3,80.0,420.0,0.1527,45.3855
0.3,80.0,440.0,0.1638,45.8548
0.3,80.0,460.0,0.1750,46.3093
0.3,80.0,480.0,0.1860,46.7547
0.3,80.0,500.0,0.1971,47.1869
0.3,80.0,520.0,0.2082,47.6038
0.3,80.0,540.0,0.2193,48.0108
0.3,80.0,560.0,0.2303,48.4095
0.3,80.0,580.0,0.2414,48.7918
0.3,80.0,600.0,0.2525,49.1629
0.3,80.0,620.0,0.2634,49.5299
0.3,80.0,640.0,0.2745,49.8822
0.3,80.0,660.0,0.2856,50.2221
0.3,80.0,680.0,0.2967,50.5570
0.3,80.0,700.0,0.3078,50.8827
0.3,80.0,720.0,0.3189,51.1959
0.3,80.0,740.0,0.3301,51.5020
0.3,80.0,760.0,0.3412,51.8031
0.3,80.0,780.0,0.3525,52.0923
0.3,80.0,800.0,0.3637,52.3740
0.3,80.0,820.0,0.3749,52.6530
0.3,80.0,840.0,0.3862,52.9218
0.3,80.0,860.0,0.3975,53.1837
0.3,80.0,880.0,0.4088,53.4426
0.3,80.0,900.0,0.4202,53.6935
0.3,80.0,920.0,0.4316,53.9386
0.3,80.0,940.0,0.4430,54.1808
0.3,80.0,960.0,0.4545,54.4169
0.3,80.0,980.0,0.4660,54.6479
0.3,80.0,1000.0,0.4775,54.8763
0.3,80.0,1020.0,0.4890,55.0997
0.3,80.0,1040.0,0.5006,55.3196
0.3,80.0,1060.0,0.5122,55.5374
0.3,80.0,1080.0,0.5239,55.7506
0.3,80.0,1100.0,0.5356,55.9618
0.3,80.0,1120.0,0.5474,56.1709
0.3,80.0,1140.0,0.5592,56.3775
0.3,80.0,1160.0,0.5709,56.5862
0.3,80.0,1180.0,0.5826,56.7963
0.3,80.0,1200.0,0.5942,57.0070
0.3,80.0,1220.0,0.6058,57.2206
0.3,80.0,1240.0,0.6174,57.4347
0.3,80.0,1260.0,0.6289,57.6505
0.3,80.0,1280.0,0.6403,57.8686
0.3,80.0,1300.0,0.6517,58.0871
0.3,80.0,1320.0,0.6631,58.3076
0.3,80.0,1340.0,0.6744,58.5296
0.3,80.0,1360.0,0.6856,58.7519
0.3,80.0,1380.0,0.6968,58.9768
0.3,80.0,1400.0,0.7080,59.2021
0.3,80.0,1420.0,0.7191,59.4286
0.3,80.0,1440.0,0.7301,59.6572
0.3,80.0,1460.0,0.7411,59.8858
0.3,80.0,1480.0,0.7521,60.1162
0.3,80.0,1500.0,0.7629,60.3476
0.3,80.0,1520.0,0.7738,60.5797
0.3,80.0,1540.0,0.7845,60.8136
0.3,80.0,1560.0,0.7952,61.0476
0.3,80.0,1580.0,0.8058,61.2831
0.3,80.0,1600.0,0.8164,61.5197
0.3,80.0,1620.0,0.8268,61.7570
0.3,80.0,1640.0,0.8372,61.9955
0.3,80.0,1660.0,0.8475,62.2347
0.3,80.0,1680.0,0.8577,62.4752
0.3,80.0,1700.0,0.8677,62.7176
0.3,80.0,1720.0,0.8776,62.9609
0.3,80.0,1740.0,0.8874,63.2066
0.3,80.0,1760.0,0.8969,63.4545
0.3,80.0,1780.0,0.9063,63.7052
0.3,80.0,1800.0,0.9154,63.9607
0.3,80.0,1820.0,0.9242,64.2204
0.3,80.0,1840.0,0.9326,64.4874
0.3,80.0,1860.0,0.9406,64.7630
0.3,80.0,1880.0,0.9481,65.0481
0.3,80.0,1900.0,0.9551,65.3430
0.3,80.0,1920.0,0.9615,65.6458
0.3,80.0,1940.0,0.9674,65.9562
0.3,80.0,1960.0,0.9728,66.2726
0.3,80.0,1980.0,0.9777,66.5936
0.3,80.0,2000.0,0.9821,66.9190
0.3,80.0,2020.0,0.9860,67.2477
0.3,80.0,2040.0,0.9895,67.5787
0.3,80.0,2060.0,0.9925,67.9125
0.3,80.0,2080.0,0.9951,68.2486
0.3,80.0,2100.0,0.9971,68.5866
0.3,80.0,2120.0,0.9987,68.9282
0.3,80.0,2140.0,0.9997,69.2740
0.3,80.0,2160.0,1.0000,69.6287
0.3,80.0,2180.0,1.0000,69.9768
0.3,80.0,2200.0,1.0000,70.3087
0.3,80.0,2220.0,1.0000,70.6265
0.3,80.0,2240.0,1.0000,70.9315
0.3,80.0,2260.0,1.0000,71.2245
0.3,80.0,2280.0,1.0000,71.5063
0.3,80.0,2300.0,1.0000,71.7777
0.3,80.0,2320.0,1.0000,72.0391
0.3,80.0,2340.0,1.0000,72.2912
0.3,80.0,2360.0,1.0000,72.5344
0.3,80.0,2380.0,1.0000,72.7692
0.3,80.0,2400.0,1.0000,72.9959
0.3,80.0,2420.0,1.0000,73.2149
0.3,80.0,2440.0,1.0000,73.4265
0.3,80.0,2460.0,1.0000,73.6311
0.3,80.0,2480.0,1.0000,73.8290
0.3,80.0,2500.0,1.0000,74.0204
0.3,80.0,2520.0,1.0000,74.2055
0.3,80.0,2540.0,1.0000,74.3847
0.3,80.0,2560.0,1.0000,74.5581
0.3,80.0,2580.0,1.0000,74.7259
0.3,80.0,2600.0,1.0000,74.8884
0.3,80.0,2620.0,1.0000,75.0458
0.3,80.0,2640.0,1.0000,75.1982
0.3,80.0,2660.0,1.0000,75.3458
0.3,80.0,2680.0,1.0000,75.4888
0.3,80.0,2700.0,1.0000,75.6273
0.3,80.0,2720.0,1.0000,75.7614
0.3,80.0,2740.0,1.0000,75.8914
0.3,80.0,2760.0,1.0000,76.0174
0.3,80.0,2780.0,1.0000,76.1394
0.3,80.0,2800.0,1.0000,76.2577
0.3,80.0,2820.0,1.0000,76.3723
0.3,80.0,2840.0,1.0000,76.4834
0.3,80.0,2860.0,1.0000,76.5911
0.3,80.0,2880.0,1.0000,76.6954
0.3,80.0,2900.0,1.0000,76.7966
0.3,80.0,2920.0,1.0000,76.8946
0.3,80.0,2940.0,1.0000,76.9896
0.3,80.0,2960.0,1.0000,77.0817
0.3,80.0,2980.0,1.0000,77.1710
0.3,80.0,3000.0,1.0000,77.2576
0.3,80.0,3020.0,1.0000,77.3414
0.3,80.0,3040.0,1.0000,77.4228
0.3,80.0,3060.0,1.0000,77.5016
0.3,80.0,3080.0,1.0000,77.5780
0.3,80.0,3100.0,1.0000,77.6521
0.3,80.0,3120.0,1.0000,77.7239
0.3,80.0,3140.0,1.0000,77.7936
0.3,80.0,3160.0,1.0000,77.8610
0.3,80.0,3180.0,1.0000,77.9265
0.3,80.0,3200.0,1.0000,77.9899
0.3,80.0,3220.0,1.0000,78.0514
0.3,80.0,3240.0,1.0000,78.1110
0.3,80.0,3260.0,1.0000,78.1688
0.3,80.0,3280.0,1.0000,78.2248
0.3,80.0,3300.0,1.0000,78.2791
0.3,80.0,3320.0,1.0000,78.3318
0.3,80.0,3340.0,1.0000,78.3828
0.3,80.0,3360.0,1.0000,78.4323
0.3,80.0,3380.0,1.0000,78.4803
0.3,80.0,3400.0,1.0000,78.5268
0.3,80.0,3420.0,1.0000,78.5719
0.3,80.0,3440.0,1.0000,78.6156
0.3,80.0,3460.0,1.0000,78.6579
0.3,80.0,3480.0,1.0000,78.6990
0.3,80.0,3500.0,1.0000,78.7388
0.3,80.0,3520.0,1.0000,78.7774
0.3,80.0,3540.0,1.0000,78.8148
0.3,80.0,3560.0,1.0000,78.8511
0.3,80.0,3580.0,1.0000,78.8863
0.3,80.0,3600.0,1.0000,78.9204
0.3,80.0,3620.0,1.0000,78.9534
0.3,80.0,3640.0,1.0000,78.9854
0.3,80.0,3660.0,1.0000,79.0165
0.3,80.0,3680.0,1.0000,79.0466
0.3,80.0,3700.0,1.0000,79.0757
0.3,80.0,3720.0,1.0000,79.1040
0.3,80.0,3740.0,1.0000,79.1314
0.3,80.0,3760.0,1.0000,79.1580
0.3,80.0,3780.0,1.0000,79.1838
0.3,80.0,3800.0,1.0000,79.2088
0.3,80.0,3820.0,1.0000,79.2330
0.3,80.0,3840.0,1.0000,79.2564
0.3,80.0,3860.0,1.0000,79.2792
0.4,80.0,0.0,0.0000,30.0000
0.4,80.0,20.0,0.0000,31.0463
0.4,80.0,40.0,0.0000,32.4351
0.4,80.0,60.0,0.0000,33.8581
0.4,80.0,80.0,0.0035,35.1747
0.4,80.0,100.0,0.0107,36.3493
0.4,80.0,120.0,0.0202,37.4262
0.4,80.0,140.0,0.0311,38.4292
0.4,80.0,160.0,0.0432,39.3709
0.4,80.0,180.0,0.0563,40.2584
0.4,80.0,200.0,0.0699,41.1035
0.4,80.0,220.0,0.0841,41.9049
0.4,80.0,240.0,0.0986,42.6698
0.4,80.0,260.0,0.1133,43.4020
0.4,80.0,280.0,0.1282,44.1035
0.4,80.0,300.0,0.1431,44.7782
0.4,80.0,320.0,0.1581,45.4248
0.4,80.0,340.0,0.1731,46.0496
0.4,80.0,360.0,0.1879,46.6538
0.4,80.0,380.0,0.2026,47.2405
0.4,80.0,400.0,0.2173,47.8068
0.4,80.0,420.0,0.2319,48.3532
0.4,80.0,440.0,0.2464,48.8808
0.4,80.0,460.0,0.2609,49.3907
0.4,80.0,480.0,0.2754,49.8835
0.4,80.0,500.0,0.2899,50.3589
0.4,80.0,520.0,0.3044,50.8175
0.4,80.0,540.0,0.3189,51.2599
0.4,80.0,560.0,0.3334,51.6872
0.4,80.0,580.0,0.3479,52.1008
0.4,80.0,600.0,0.3624,52.5013
0.4,80.0,620.0,0.3770,52.8896
0.4,80.0,640.0,0.3916,53.2659
0.4,80.0,660.0,0.4062,53.6304
0.4,80.0,680.0,0.4209,53.9839
0.4,80.0,700.0,0.4357,54.3274
0.4,80.0,720.0,0.4505,54.6609
0.4,80.0,740.0,0.4653,54.9858
0.4,80.0,760.0,0.4803,55.3033
0.4,80.0,780.0,0.4952,55.6133
0.4,80.0,800.0,0.5103,55.9161
0.4,80.0,820.0,0.5255,56.2120
0.4,80.0,840.0,0.5408,56.5007
0.4,80.0,860.0,0.5562,56.7870
0.4,80.0,880.0,0.5715,57.0755
0.4,80.0,900.0,0.5866,57.3666
0.4,80.0,920.0,0.6018,57.6600
0.4,80.0,940.0,0.6168,57.9555
0.4,80.0,960.0,0.6317,58.2532
0.4,80.0,980.0,0.6465,58.5540
0.4,80.0,1000.0,0.6613,58.8573
0.4,80.0,1020.0,0.6759,59.1628
0.4,80.0,1040.0,0.6905,59.4701
0.4,80.0,1060.0,0.7049,59.7789
0.4,80.0,1080.0,0.7193,60.0907
0.4,80.0,1100.0,0.7335,60.4046
0.4,80.0,1120.0,0.7476,60.7205
0.4,80.0,1140.0,0.7617,61.0378
0.4,80.0,1160.0,0.7756,61.3564
0.4,80.0,1180.0,0.7893,61.6775
0.4,80.0,1200.0,0.8029,62.0005
0.4,80.0,1220.0,0.8164,62.3252
0.4,80.0,1240.0,0.8297,62.6510
0.4,80.0,1260.0,0.8428,62.9782
0.4,80.0,1280.0,0.8557,63.3079
0.4,80.0,1300.0,0.8684,63.6398
0.4,80.0,1320.0,0.8808,63.9740
0.4,80.0,1340.0,0.8930,64.3105
0.4,80.0,1360.0,0.9048,64.6508
0.4,80.0,1380.0,0.9162,64.9963
0.4,80.0,1400.0,0.9271,65.3483
0.4,80.0,1420.0,0.9375,65.7089
0.4,80.0,1440.0,0.9471,66.0809
0.4,80.0,1460.0,0.9560,66.4665
0.4,80.0,1480.0,0.9640,66.8661
0.4,80.0,1500.0,0.9711,67.2769
0.4,80.0,1520.0,0.9773,67.6959
0.4,80.0,1540.0,0.9828,68.1209
0.4,80.0,1560.0,0.9875,68.5495
0.4,80.0,1580.0,0.9915,68.9808
0.4,80.0,1600.0,0.9947,69.4135
0.4,80.0,1620.0,0.9972,69.8466
0.4,80.0,1640.0,0.9989,70.2809
0.4,80.0,1660.0,0.9999,70.7178
0.4,80.0,1680.0,1.0000,71.1567
0.4,80.0,1700.0,1.0000,71.5715
0.4,80.0,1720.0,1.0000,71.9619
0.4,80.0,1740.0,1.0000,72.3304
0.4,80.0,1760.0,1.0000,72.6791
0.4,80.0,1780.0,1.0000,73.0095
0.4,80.0,1800.0,1.0000,73.3231
0.4,80.0,1820.0,1.0000,73.6209
0.4,80.0,1840.0,1.0000,73.9041
0.4,80.0,1860.0,1.0000,74.1736
0.4,80.0,1880.0,1.0000,74.4302
0.4,80.0,1900.0,1.0000,74.6747
0.4,80.0,1920.0,1.0000,74.9078
0.4,80.0,1940.0,1.0000,75.1301
0.4,80.0,1960.0,1.0000,75.3422
0.4,80.0,1980.0,1.0000,75.5447
0.4,80.0,2000.0,1.0000,75.7380
0.4,80.0,2020.0,1.0000,75.9226
0.4,80.0,2040.0,1.0000,76.0989
0.4,80.0,2060.0,1.0000,76.2674
0.4,80.0,2080.0,1.0000,76.4284
0.4,80.0,2100.0,1.0000,76.5824
0.4,80.0,2120.0,1.0000,76.7295
0.4,80.0,2140.0,1.0000,76.8702
0.4,80.0,2160.0,1.0000,77.0048
0.4,80.0,2180.0,1.0000,77.1335
0.4,80.0,2200.0,1.0000,77.2565
0.4,80.0,2220.0,1.0000,77.3743
0.4,80.0,2240.0,1.0000,77.4869
0.4,80.0,2260.0,1.0000,77.5947
0.4,80.0,2280.0,1.0000,77.6978
0.4,80.0,2300.0,1.0000,77.7965
0.4,80.0,2320.0,1.0000,77.8909
0.4,80.0,2340.0,1.0000,77.9812
0.4,80.0,2360.0,1.0000,78.0677
0.4,80.0,2380.0,1.0000,78.1504
0.4,80.0,2400.0,1.0000,78.2296
0.4,80.0,2420.0,1.0000,78.3054
0.4,80.0,2440.0,1.0000,78.3779
0.4,80.0,2460.0,1.0000,78.4473
0.4,80.0,2480.0,1.0000,78.5138
0.4,80.0,2500.0,1.0000,78.5774
0.4,80.0,2520.0,1.0000,78.6382
0.4,80.0,2540.0,1.0000,78.6965
0.4,80.0,2560.0,1.0000,78.7523
0.4,80.0,2580.0,1.0000,78.8057
0.4,80.0,2600.0,1.0000,78.8568
0.4,80.0,2620.0,1.0000,78.9057
0.4,80.0,2640.0,1.0000,78.9525
0.4,80.0,2660.0,1.0000,78.9973
0.4,80.0,2680.0,1.0000,79.0402
0.4,80.0,2700.0,1.0000,79.0813
0.4,80.0,2720.0,1.0000,79.1206
0.4,80.0,2740.0,1.0000,79.1582
0.4,80.0,2760.0,1.0000,79.1942
0.4,80.0,2780.0,1.0000,79.2286
0.4,80.0,2800.0,1.0000,79.2616
0.4,80.0,2820.0,1.0000,79.2932
0.4,80.0,2840.0,1.0000,79.3234
0.4,80.0,2860.0,1.0000,79.3523
0.4,80.0,2880.0,1.0000,79.3800
0.4,80.0,2900.0,1.0000,79.4065
0.4,80.0,2920.0,1.0000,79.4319
0.4,80.0,2940.0,1.0000,79.4561
0.4,80.0,2960.0,1.0000,79.4794
0.4,80.0,2980.0,1.0000,79.5016
0.4,80.0,3000.0,1.0000,79.5229
0.5,80.0,0.0,0.0000,30.0000
0.5,80.0,8.0,0.0000,30.3671
0.5,80.0,16.0,0.0000,30.9692
0.5,80.0,24.0,0.0000,31.6410
0.5,80.0,32.0,0.0000,32.3380
0.5,80.0,40.0,0.0000,33.0442
0.5,80.0,48.0,0.0000,33.7537
0.5,80.0,56.0,0.0010,34.4362
0.5,80.0,64.0,0.0032,35.0768
0.5,80.0,72.0,0.0062,35.6854
0.5,80.0,80.0,0.0098,36.2671
0.5,80.0,88.0,0.0140,36.8245
0.5,80.0,96.0,0.0186,37.3621
0.5,80.0,104.0,0.0236,37.8792
0.5,80.0,112.0,0.0290,38.3772
0.5,80.0,120.0,0.0347,38.8621
0.5,80.0,128.0,0.0406,39.3323
0.5,80.0,136.0,0.0469,39.7821
0.5,80.0,144.0,0.0533,40.2248
0.5,80.0,152.0,0.0598,40.6569
0.5,80.0,160.0,0.0665,41.0744
0.5,80.0,168.0,0.0733,41.4825
0.5,80.0,176.0,0.0805,41.8749
0.5,80.0,184.0,0.0877,42.2569
0.5,80.0,192.0,0.0947,42.6424
0.5,80.0,200.0,0.1017,43.0209
0.5,80.0,208.0,0.1094,43.3682
0.5,80.0,216.0,0.1169,43.7182
0.5,80.0,224.0,0.1243,44.0618
0.5,80.0,232.0,0.1314,44.4142
0.5,80.0,240.0,0.1391,44.7376
0.5,80.0,248.0,0.1467,45.0566
0.5,80.0,256.0,0.1542,45.3756
0.5,80.0,264.0,0.1618,45.6822
0.5,80.0,272.0,0.1690,46.0004
0.5,80.0,280.0,0.1767,46.2949
0.5,80.0,288.0,0.1841,46.5936
0.5,80.0,296.0,0.1916,46.8821
0.5,80.0,304.0,0.1994,47.1522
0.5,80.0,312.0,0.2067,47.4399
0.5,80.0,320.0,0.2140,47.7225
0.5,80.0,328.0,0.2211,48.0043
0.5,80.0,336.0,0.2283,48.2753
0.5,80.0,344.0,0.2359,48.5266
0.5,80.0,352.0,0.2433,48.7811
0.5,80.0,360.0,0.2504,49.0462
0.5,80.0,368.0,0.2575,49.3051
0.5,80.0,376.0,0.2645,49.5593
0.5,80.0,384.0,0.2719,49.7932
0.5,80.0,392.0,0.2794,50.0214
0.5,80.0,400.0,0.2864,50.2670
0.5,80.0,408.0,0.2934,50.5056
0.5,80.0,416.0,0.3004,50.7408
0.5,80.0,424.0,0.3077,50.9589
0.5,80.0,432.0,0.3152,51.1670
0.5,80.0,440.0,0.3223,51.3898
0.5,80.0,448.0,0.3293,51.6089
0.5,80.0,456.0,0.3363,51.8270
0.5,80.0,464.0,0.3435,52.0322
0.5,80.0,472.0,0.3508,52.2284
0.5,80.0,480.0,0.3581,52.4249
0.5,80.0,488.0,0.3651,52.6282
0.5,80.0,496.0,0.3722,52.8270
0.5,80.0,504.0,0.3793,53.0212
0.5,80.0,512.0,0.3866,53.2063
0.5,80.0,520.0,0.3940,53.3842
0.5,80.0,528.0,0.4011,53.5700
0.5,80.0,536.0,0.4083,53.7523
0.5,80.0,544.0,0.4154,53.9346
0.5,80.0,552.0,0.4227,54.1094
0.5,80.0,560.0,0.4300,54.2771
0.5,80.0,568.0,0.4374,54.4456
0.5,80.0,576.0,0.4446,54.6145
0.5,80.0,584.0,0.4519,54.7813
0.5,80.0,592.0,0.4591,54.9486
0.5,80.0,600.0,0.4665,55.1077
0.5,80.0,608.0,0.4740,55.2637
0.5,80.0,616.0,0.4813,55.4207
0.5,80.0,624.0,0.4888,55.5760
0.5,80.0,632.0,0.4962,55.7296
0.5,80.0,640.0,0.5036,55.8828
0.5,80.0,648.0,0.5111,56.0298
0.5,80.0,656.0,0.5187,56.1757
0.5,80.0,664.0,0.5263,56.3213
0.5,80.0,672.0,0.5339,56.4641
0.5,80.0,680.0,0.5415,56.6080
0.5,80.0,688.0,0.5490,56.7535
0.5,80.0,696.0,0.5566,56.8990
0.5,80.0,704.0,0.5641,57.0445
0.5,80.0,712.0,0.5716,57.1897
0.5,80.0,720.0,0.5791,57.3346
0.5,80.0,728.0,0.5866,57.4809
0.5,80.0,736.0,0.5940,57.6311
0.5,80.0,744.0,0.6014,57.7803
0.5,80.0,752.0,0.6088,57.9295
0.5,80.0,760.0,0.6162,58.0786
0.5,80.0,768.0,0.6235,58.2273
0.5,80.0,776.0,0.6309,58.3771
0.5,80.0,784.0,0.6381,58.5297
0.5,80.0,792.0,0.6454,58.6834
0.5,80.0,800.0,0.6526,58.8360
0.5,80.0,808.0,0.6598,58.9893
0.5,80.0,816.0,0.6670,59.1402
0.5,80.0,824.0,0.6742,59.2925
0.5,80.0,832.0,0.6813,59.4491
0.5,80.0,840.0,0.6884,59.6061
0.5,80.0,848.0,0.6954,59.7626
0.5,80.0,856.0,0.7025,59.9181
0.5,80.0,864.0,0.7096,60.0722
0.5,80.0,872.0,0.7166,60.2285
0.5,80.0,880.0,0.7235,60.3872
0.5,80.0,888.0,0.7304,60.5480
0.5,80.0,896.0,0.7373,60.7063
0.5,80.0,904.0,0.7441,60.8657
0.5,80.0,912.0,0.7510,61.0233
0.5,80.0,920.0,0.7578,61.1814
0.5,80.0,928.0,0.7646,61.3420
0.5,80.0,936.0,0.7713,61.5053
0.5,80.0,944.0,0.7779,61.6680
0.5,80.0,952.0,0.7846,61.8293
0.5,80.0,960.0,0.7912,61.9896
0.5,80.0,968.0,0.7978,62.1504
0.5,80.0,976.0,0.8044,62.3132
0.5,80.0,984.0,0.8108,62.4795
0.5,80.0,992.0,0.8172,62.6440
0.5,80.0,1000.0,0.8236,62.8084
0.5,80.0,1008.0,0.8300,62.9714
0.5,80.0,1016.0,0.8363,63.1349
0.5,80.0,1024.0,0.8426,63.2998
0.5,80.0,1032.0,0.8487,63.4679
0.5,80.0,1040.0,0.8548,63.6350
0.5,80.0,1048.0,0.8609,63.8020
0.5,80.0,1056.0,0.8669,63.9678
0.5,80.0,1064.0,0.8730,64.1330
0.5,80.0,1072.0,0.8788,64.3016
0.5,80.0,1080.0,0.8846,64.4722
0.5,80.0,1088.0,0.8903,64.6433
0.5,80.0,1096.0,0.8959,64.8145
0.5,80.0,1104.0,0.9015,64.9841
0.5,80.0,1112.0,0.9071,65.1543
0.5,80.0,1120.0,0.9125,65.3258
0.5,80.0,1128.0,0.9178,65.5013
0.5,80.0,1136.0,0.9229,65.6782
0.5,80.0,1144.0,0.9279,65.8553
0.5,80.0,1152.0,0.9329,66.0320
0.5,80.0,1160.0,0.9378,66.2097
0.5,80.0,1168.0,0.9424,66.3913
0.5,80.0,1176.0,0.9469,66.5768
0.5,80.0,1184.0,0.9512,66.7658
0.5,80.0,1192.0,0.9553,66.9566
0.5,80.0,1200.0,0.9592,67.1483
0.5,80.0,1208.0,0.9630,67.3427
0.5,80.0,1216.0,0.9666,67.5404
0.5,80.0,1224.0,0.9699,67.7430
0.5,80.0,1232.0,0.9730,67.9470
0.5,80.0,1240.0,0.9759,68.1519
0.5,80.0,1248.0,0.9787,68.3573
0.5,80.0,1256.0,0.9813,68.5627
0.5,80.0,1264.0,0.9838,68.7707
0.5,80.0,1272.0,0.9860,68.9813
0.5,80.0,1280.0,0.9880,69.1912
0.5,80.0,1288.0,0.9899,69.4011
0.5,80.0,1296.0,0.9917,69.6097
0.5,80.0,1304.0,0.9932,69.8187
0.5,80.0,1312.0,0.9946,70.0292
0.5,80.0,1320.0,0.9958,70.2402
0.5,80.0,1328.0,0.9969,70.4497
0.5,80.0,1336.0,0.9978,70.6569
0.5,80.0,1344.0,0.9986,70.8636
0.5,80.0,1352.0,0.9993,71.0719
0.5,80.0,1360.0,0.9996,71.2824
0.5,80.0,1368.0,0.9999,71.4895
0.5,80.0,1376.0,1.0000,71.6988
0.5,80.0,1384.0,1.0000,71.9036
0.5,80.0,1392.0,1.0000,72.1015
0.5,80.0,1400.0,1.0000,72.2933
0.5,80.0,1408.0,1.0000,72.4793
0.5,80.0,1416.0,1.0000,72.6599
0.5,80.0,1424.0,1.0000,72.8354
0.5,80.0,1432.0,1.0000,73.0060
0.5,80.0,1440.0,1.0000,73.1718
0.5,80.0,1448.0,1.0000,73.3331
0.5,80.0,1456.0,1.0000,73.4901
0.5,80.0,1464.0,1.0000,73.6428
0.5,80.0,1472.0,1.0000,73.7916
0.5,80.0,1480.0,1.0000,73.9364
0.5,80.0,1488.0,1.0000,74.0775
0.5,80.0,1496.0,1.0000,74.2149
0.5,80.0,1504.0,1.0000,74.3489
0.5,80.0,1512.0,1.0000,74.4795
0.5,80.0,1520.0,1.0000,74.6067
0.5,80.0,1528.0,1.0000,74.7308
0.5,80.0,1536.0,1.0000,74.8518
0.5,80.0,1544.0,1.0000,74.9698
0.5,80.0,1552.0,1.0000,75.0849
0.5,80.0,1560.0,1.0000,75.1972
0.5,80.0,1568.0,1.0000,75.3068
0.5,80.0,1576.0,1.0000,75.4137
0.5,80.0,1584.0,1.0000,75.5180
0.5,80.0,1592.0,1.0000,75.6198
0.5,80.0,1600.0,1.0000,75.7192
0.5,80.0,1608.0,1.0000,75.8162
0.5,80.0,1616.0,1.0000,75.9109
0.5,80.0,1624.0,1.0000,76.0034
0.5,80.0,1632.0,1.0000,76.0936
0.5,80.0,1640.0,1.0000,76.1818
0.5,80.0,1648.0,1.0000,76.2679
0.5,80.0,1656.0,1.0000,76.3519
0.5,80.0,1664.0,1.0000,76.4340
0.5,80.0,1672.0,1.0000,76.5142
0.5,80.0,1680.0,1.0000,76.5925
0.5,80.0,1688.0,1.0000,76.6690
0.5,80.0,1696.0,1.0000,76.7438
0.5,80.0,1704.0,1.0000,76.8168
0.5,80.0,1712.0,1.0000,76.8881
0.5,80.0,1720.0,1.0000,76.9578
0.5,80.0,1728.0,1.0000,77.0259
0.5,80.0,1736.0,1.0000,77.0924
0.5,80.0,1744.0,1.0000,77.1575
0.5,80.0,1752.0,1.0000,77.2210
0.5,80.0,1760.0,1.0000,77.2831
0.5,80.0,1768.0,1.0000,77.3437
0.5,80.0,1776.0,1.0000,77.4030
0.5,80.0,1784.0,1.0000,77.4609
0.5,80.0,1792.0,1.0000,77.5176
0.5,80.0,1800.0,1.0000,77.5729
0.5,80.0,1808.0,1.0000,77.6270
0.5,80.0,1816.0,1.0000,77.6798
0.5,80.0,1824.0,1.0000,77.7315
0.5,80.0,1832.0,1.0000,77.7820
0.5,80.0,1840.0,1.0000,77.8314
0.5,80.0,1848.0,1.0000,77.8796
0.5,80.0,1856.0,1.0000,77.9268
0.5,80.0,1864.0,1.0000,77.9729
0.5,80.0,1872.0,1.0000,78.0180
0.5,80.0,1880.0,1.0000,78.0620
0.5,80.0,1888.0,1.0000,78.1051
0.5,80.0,1896.0,1.0000,78.1472
0.5,80.0,1904.0,1.0000,78.1883
0.5,80.0,1912.0,1.0000,78.2286
0.5,80.0,1920.0,1.0000,78.2679
0.5,80.0,1928.0,1.0000,78.3064
0.5,80.0,1936.0,1.0000,78.3440
0.5,80.0,1944.0,1.0000,78.3807
0.5,80.0,1952.0,1.0000,78.4167
0.5,80.0,1960.0,1.0000,78.4518
0.5,80.0,1968.0,1.0000,78.4861
0.5,80.0,1976.0,1.0000,78.5197
0.5,80.0,1984.0,1.0000,78.5526
0.5,80.0,1992.0,1.0000,78.5847
0.5,80.0,2000.0,1.0000,78.6160
0.5,80.0,2008.0,1.0000,78.6467
0.5,80.0,2016.0,1.0000,78.6767
0.5,80.0,2024.0,1.0000,78.7061
0.5,80.0,2032.0,1.0000,78.7348
0.5,80.0,2040.0,1.0000,78.7628
0.5,80.0,2048.0,1.0000,78.7902
0.5,80.0,2056.0,1.0000,78.8170
0.5,80.0,2064.0,1.0000,78.8433
0.5,80.0,2072.0,1.0000,78.8689
0.5,80.0,2080.0,1.0000,78.8939
0.5,80.0,2088.0,1.0000,78.9185
0.5,80.0,2096.0,1.0000,78.9424
0.5,80.0,2104.0,1.0000,78.9659
0.5,80.0,2112.0,1.0000,78.9888
0.5,80.0,2120.0,1.0000,79.0112
0.5,80.0,2128.0,1.0000,79.0331
0.5,80.0,2136.0,1.0000,79.0545
0.5,80.0,2144.0,1.0000,79.0754
0.5,80.0,2152.0,1.0000,79.0959
0.5,80.0,2160.0,1.0000,79.1159
0.5,80.0,2168.0,1.0000,79.1355
0.5,80.0,2176.0,1.0000,79.1547
0.5,80.0,2184.0,1.0000,79.1734
0.5,80.0,2192.0,1.0000,79.1917
0.5,80.0,2200.0,1.0000,79.2096
0.5,80.0,2208.0,1.0000,79.2271
0.5,80.0,2216.0,1.0000,79.2442
0.5,80.0,2224.0,1.0000,79.2609
0.5,80.0,2232.0,1.0000,79.2773
0.5,80.0,2240.0,1.0000,79.2933
0.5,80.0,2248.0,1.0000,79.3089
0.5,80.0,2256.0,1.0000,79.3242
0.5,80.0,2264.0,1.0000,79.3392
0.5,80.0,2272.0,1.0000,79.3538
0.5,80.0,2280.0,1.0000,79.3681
0.5,80.0,2288.0,1.0000,79.3821
0.5,80.0,2296.0,1.0000,79.3958
0.5,80.0,2304.0,1.0000,79.4092
0.5,80.0,2312.0,1.0000,79.4222
0.5,80.0,2320.0,1.0000,79.4350
0.5,80.0,2328.0,1.0000,79.4475
0.5,80.0,2336.0,1.0000,79.4598
0.5,80.0,2344.0,1.0000,79.4717
0.5,80.0,2352.0,1.0000,79.4834
0.5,80.0,2360.0,1.0000,79.4948
0.5,80.0,2368.0,1.0000,79.5060
0.5,80.0,2376.0,1.0000,79.5169
0.5,80.0,2384.0,1.0000,79.5276
0.5,80.0,2392.0,1.0000,79.5381
0.5,80.0,2400.0,1.0000,79.5483
0.6,80.0,0.0,0.0000,30.0000
0.6,80.0,20.0,0.0000,31.5766
0.6,80.0,40.0,0.0000,33.6744
0.6,80.0,60.0,0.0060,35.6083
0.6,80.0,80.0,0.0179,37.2991
0.6,80.0,100.0,0.0334,38.8133
0.6,80.0,120.0,0.0513,40.1902
0.6,80.0,140.0,0.0710,41.4541
0.6,80.0,160.0,0.0921,42.6132
0.6,80.0,180.0,0.1137,43.7005
0.6,80.0,200.0,0.1360,44.7074
0.6,80.0,220.0,0.1586,45.6536
0.6,80.0,240.0,0.1811,46.5457
0.6,80.0,260.0,0.2034,47.3998
0.6,80.0,280.0,0.2256,48.2114
0.6,80.0,300.0,0.2476,48.9814
0.6,80.0,320.0,0.2693,49.7216
0.6,80.0,340.0,0.2908,50.4282
0.6,80.0,360.0,0.3123,51.0994
0.6,80.0,380.0,0.3336,51.7446
0.6,80.0,400.0,0.3550,52.3583
0.6,80.0,420.0,0.3764,52.9428
0.6,80.0,440.0,0.3977,53.5053
0.6,80.0,460.0,0.4192,54.0423
0.6,80.0,480.0,0.4408,54.5557
0.6,80.0,500.0,0.4626,55.0491
0.6,80.0,520.0,0.4845,55.5240
0.6,80.0,540.0,0.5067,55.9773
0.6,80.0,560.0,0.5293,56.4139
0.6,80.0,580.0,0.5518,56.8495
0.6,80.0,600.0,0.5741,57.2901
0.6,80.0,620.0,0.5962,57.7361
0.6,80.0,640.0,0.6180,58.1873
0.6,80.0,660.0,0.6396,58.6428
0.6,80.0,680.0,0.6609,59.1037
0.6,80.0,700.0,0.6820,59.5690
0.6,80.0,720.0,0.7029,60.0391
0.6,80.0,740.0,0.7234,60.5135
0.6,80.0,760.0,0.7436,60.9922
0.6,80.0,780.0,0.7636,61.4745
0.6,80.0,800.0,0.7831,61.9608
0.6,80.0,820.0,0.8023,62.4507
0.6,80.0,840.0,0.8211,62.9446
0.6,80.0,860.0,0.8395,63.4422
0.6,80.0,880.0,0.8573,63.9437
0.6,80.0,900.0,0.8746,64.4483
0.6,80.0,920.0,0.8913,64.9577
0.6,80.0,940.0,0.9073,65.4723
0.6,80.0,960.0,0.9225,65.9937
0.6,80.0,980.0,0.9368,66.5241
0.6,80.0,1000.0,0.9499,67.0662
0.6,80.0,1020.0,0.9617,67.6261
0.6,80.0,1040.0,0.9719,68.2093
0.6,80.0,1060.0,0.9803,68.8127
0.6,80.0,1080.0,0.9871,69.4296
0.6,80.0,1100.0,0.9924,70.0516
0.6,80.0,1120.0,0.9962,70.6743
0.6,80.0,1140.0,0.9987,71.2914
0.6,80.0,1160.0,0.9999,71.9030
0.6,80.0,1180.0,1.0000,72.5003
0.6,80.0,1200.0,1.0000,73.0449
0.6,80.0,1220.0,1.0000,73.5433
0.6,80.0,1240.0,1.0000,74.0011
0.6,80.0,1260.0,1.0000,74.4226
0.6,80.0,1280.0,1.0000,74.8116
0.6,80.0,1300.0,1.0000,75.1712
0.6,80.0,1320.0,1.0000,75.5040
0.6,80.0,1340.0,1.0000,75.8124
0.6,80.0,1360.0,1.0000,76.0984
0.6,80.0,1380.0,1.0000,76.3640
0.6,80.0,1400.0,1.0000,76.6107
0.6,80.0,1420.0,1.0000,76.8400
0.6,80.0,1440.0,1.0000,77.0533
0.6,80.0,1460.0,1.0000,77.2517
0.6,80.0,1480.0,1.0000,77.4365
0.6,80.0,1500.0,1.0000,77.6085
0.6,80.0,1520.0,1.0000,77.7688
0.6,80.0,1540.0,1.0000,77.9181
0.6,80.0,1560.0,1.0000,78.0572
0.6,80.0,1580.0,1.0000,78.1869
0.6,80.0,1600.0,1.0000,78.3079
0.6,80.0,1620.0,1.0000,78.4207
0.6,80.0,1640.0,1.0000,78.5259
0.6,80.0,1660.0,1.0000,78.6240
0.6,80.0,1680.0,1.0000,78.7155
0.6,80.0,1700.0,1.0000,78.8009
0.6,80.0,1720.0,1.0000,78.8806
0.6,80.0,1740.0,1.0000,78.9550
0.6,80.0,1760.0,1.0000,79.0244
0.6,80.0,1780.0,1.0000,79.0891
0.6,80.0,1800.0,1.0000,79.1496
0.6,80.0,1820.0,1.0000,79.2060
0.6,80.0,1840.0,1.0000,79.2587
0.6,80.0,1860.0,1.0000,79.3078
0.6,80.0,1880.0,1.0000,79.3537
0.6,80.0,1900.0,1.0000,79.3965
0.6,80.0,1920.0,1.0000,79.4365
0.6,80.0,1940.0,1.0000,79.4738
0.6,80.0,1960.0,1.0000,79.5086
0.6,80.0,1980.0,1.0000,79.5411
0.6,80.0,2000.0,1.0000,79.5714
0.7,80.0,0.0,0.0000,30.0000
0.7,80.0,20.0,0.0000,31.8436
0.7,80.0,40.0,0.0008,34.2670
0.7,80.0,60.0,0.0102,36.4137
0.7,80.0,80.0,0.0255,38.2872
0.7,80.0,100.0,0.0449,39.9493
0.7,80.0,120.0,0.0670,41.4380
0.7,80.0,140.0,0.0907,42.7966
0.7,80.0,160.0,0.1156,44.0385
0.7,80.0,180.0,0.1416,45.1673
0.7,80.0,200.0,0.1679,46.2174
0.7,80.0,220.0,0.1942,47.1991
0.7,80.0,240.0,0.2202,48.1281
0.7,80.0,260.0,0.2460,49.0007
0.7,80.0,280.0,0.2715,49.8326
0.7,80.0,300.0,0.2967,50.6207
0.7,80.0,320.0,0.3217,51.3738
0.7,80.0,340.0,0.3467,52.0822
0.7,80.0,360.0,0.3714,52.7641
0.7,80.0,380.0,0.3963,53.4060
0.7,80.0,400.0,0.4213,54.0213
0.7,80.0,420.0,0.4464,54.6043
0.7,80.0,440.0,0.4717,55.1613
0.7,80.0,460.0,0.4975,55.6876
0.7,80.0,480.0,0.5237,56.1943
0.7,80.0,500.0,0.5497,56.6996
0.7,80.0,520.0,0.5754,57.2122
0.7,80.0,540.0,0.6008,57.7313
0.7,80.0,560.0,0.6258,58.2573
0.7,80.0,580.0,0.6505,58.7908
0.7,80.0,600.0,0.6748,59.3296
0.7,80.0,620.0,0.6988,59.8746
0.7,80.0,640.0,0.7223,60.4259
0.7,80.0,660.0,0.7454,60.9823
0.7,80.0,680.0,0.7680,61.5438
0.7,80.0,700.0,0.7901,62.1111
0.7,80.0,720.0,0.8116,62.6830
0.7,80.0,740.0,0.8326,63.2595
0.7,80.0,760.0,0.8528,63.8407
0.7,80.0,780.0,0.8724,64.4272
0.7,80.0,800.0,0.8911,65.0188
0.7,80.0,820.0,0.9090,65.6167
0.7,80.0,840.0,0.9257,66.2221
0.7,80.0,860.0,0.9413,66.8373
0.7,80.0,880.0,0.9554,67.4669
0.7,80.0,900.0,0.9678,68.1167
0.7,80.0,920.0,0.9781,68.7936
0.7,80.0,940.0,0.9863,69.4938
0.7,80.0,960.0,0.9924,70.2051
0.7,80.0,980.0,0.9966,70.9188
0.7,80.0,1000.0,0.9991,71.6260
0.7,80.0,1020.0,1.0000,72.3227
0.7,80.0,1040.0,1.0000,72.9789
0.7,80.0,1060.0,1.0000,73.5686
0.7,80.0,1080.0,1.0000,74.1021
0.7,80.0,1100.0,1.0000,74.5865
0.7,80.0,1120.0,1.0000,75.0274
0.7,80.0,1140.0,1.0000,75.4295
0.7,80.0,1160.0,1.0000,75.7969
0.7,80.0,1180.0,1.0000,76.1331
0.7,80.0,1200.0,1.0000,76.4410
0.7,80.0,1220.0,1.0000,76.7232
0.7,80.0,1240.0,1.0000,76.9823
0.7,80.0,1260.0,1.0000,77.2201
0.7,80.0,1280.0,1.0000,77.4387
0.7,80.0,1300.0,1.0000,77.6396
0.7,80.0,1320.0,1.0000,77.8243
0.7,80.0,1340.0,1.0000,77.9944
0.7,80.0,1360.0,1.0000,78.1508
0.7,80.0,1380.0,1.0000,78.2949
0.7,80.0,1400.0,1.0000,78.4276
0.7,80.0,1420.0,1.0000,78.5498
0.7,80.0,1440.0,1.0000,78.6625
0.7,80.0,1460.0,1.0000,78.7663
0.7,80.0,1480.0,1.0000,78.8619
0.7,80.0,1500.0,1.0000,78.9501
0.7,80.0,1520.0,1.0000,79.0314
0.7,80.0,1540.0,1.0000,79.1064
0.7,80.0,1560.0,1.0000,79.1755
0.7,80.0,1580.0,1.0000,79.2392
0.7,80.0,1600.0,1.0000,79.2980
0.7,80.0,1620.0,1.0000,79.3522
0.7,80.0,1640.0,1.0000,79.4022
0.7,80.0,1660.0,1.0000,79.4484
0.7,80.0,1680.0,1.0000,79.4909
0.7,80.0,1700.0,1.0000,79.5301
0.7,80.0,1720.0,1.0000,79.5663
0.7,80.0,1740.0,1.0000,79.5997
0.7,80.0,1760.0,1.0000,79.6305
0.7,80.0,1780.0,1.0000,79.6589
0.7,80.0,1800.0,1.0000,79.6850
0.8,80.0,0.0,0.0000,30.0000
0.8,80.0,20.0,0.0000,32.1123
0.8,80.0,40.0,0.0022,34.8329
0.8,80.0,60.0,0.0145,37.1916
0.8,80.0,80.0,0.0332,39.2347
0.8,80.0,100.0,0.0561,41.0246
0.8,80.0,120.0,0.0820,42.6137
0.8,80.0,140.0,0.1100,44.0283
0.8,80.0,160.0,0.1390,45.3107
0.8,80.0,180.0,0.1687,46.4814
0.8,80.0,200.0,0.1988,47.5510
0.8,80.0,220.0,0.2287,48.5460
0.8,80.0,240.0,0.2583,49.4810
0.8,80.0,260.0,0.2875,50.3624
0.8,80.0,280.0,0.3163,51.1967
0.8,80.0,300.0,0.3448,51.9884
0.8,80.0,320.0,0.3733,52.7377
0.8,80.0,340.0,0.4018,53.4440
0.8,80.0,360.0,0.4304,54.1134
0.8,80.0,380.0,0.4592,54.7480
0.8,80.0,400.0,0.4886,55.3435
0.8,80.0,420.0,0.5184,55.9125
0.8,80.0,440.0,0.5479,56.4846
0.8,80.0,460.0,0.5770,57.0651
0.8,80.0,480.0,0.6057,57.6549
0.8,80.0,500.0,0.6338,58.2538
0.8,80.0,520.0,0.6615,58.8609
0.8,80.0,540.0,0.6886,59.4764
0.8,80.0,560.0,0.7152,60.0990
0.8,80.0,580.0,0.7411,60.7296
0.8,80.0,600.0,0.7664,61.3663
0.8,80.0,620.0,0.7911,62.0103
0.8,80.0,640.0,0.8149,62.6599
0.8,80.0,660.0,0.8380,63.3163
0.8,80.0,680.0,0.8602,63.9783
0.8,80.0,700.0,0.8814,64.6466
0.8,80.0,720.0,0.9015,65.3222
0.8,80.0,740.0,0.9203,66.0051
0.8,80.0,760.0,0.9377,66.6988
0.8,80.0,780.0,0.9535,67.4048
0.8,80.0,800.0,0.9673,68.1301
0.8,80.0,820.0,0.9788,68.8835
0.8,80.0,840.0,0.9876,69.6667
0.8,80.0,860.0,0.9939,70.4681
0.8,80.0,880.0,0.9979,71.2684
0.8,80.0,900.0,0.9998,72.0598
0.8,80.0,920.0,1.0000,72.8250
0.8,80.0,940.0,1.0000,73.5094
0.8,80.0,960.0,1.0000,74.1200
0.8,80.0,980.0,1.0000,74.6673
0.8,80.0,1000.0,1.0000,75.1592
0.8,80.0,1020.0,1.0000,75.6024
0.8,80.0,1040.0,1.0000,76.0025
0.8,80.0,1060.0,1.0000,76.3643
0.8,80.0,1080.0,1.0000,76.6919
0.8,80.0,1100.0,1.0000,76.9888
0.8,80.0,1120.0,1.0000,77.2581
0.8,80.0,1140.0,1.0000,77.5025
0.8,80.0,1160.0,1.0000,77.7247
0.8,80.0,1180.0,1.0000,77.9266
0.8,80.0,1200.0,1.0000,78.1102
0.8,80.0,1220.0,1.0000,78.2772
0.8,80.0,1240.0,1.0000,78.4293
0.8,80.0,1260.0,1.0000,78.5677
0.8,80.0,1280.0,1.0000,78.6938
0.8,80.0,1300.0,1.0000,78.8087
0.8,80.0,1320.0,1.0000,78.9134
0.8,80.0,1340.0,1.0000,79.0087
0.8,80.0,1360.0,1.0000,79.0957
0.8,80.0,1380.0,1.0000,79.1749
0.8,80.0,1400.0,1.0000,79.2472
0.8,80.0,1420.0,1.0000,79.3131
0.8,80.0,1440.0,1.0000,79.3732
0.8,80.0,1460.0,1.0000,79.4279
0.8,80.0,1480.0,1.0000,79.4779
0.8,80.0,1500.0,1.0000,79.5235
0.8,80.0,1520.0,1.0000,79.5650
0.8,80.0,1540.0,1.0000,79.6029
0.8,80.0,1560.0,1.0000,79.6375
0.8,80.0,1580.0,1.0000,79.6690
0.8,80.0,1600.0,1.0000,79.6977
0.8,80.0,1620.0,1.0000,79.7239
0.8,80.0,1640.0,1.0000,79.7478
0.8,80.0,1660.0,1.0000,79.7696
0.8,80.0,1680.0,1.0000,79.7895
0.8,80.0,1700.0,1.0000,79.8076
0.9,80.0,0.0,0.0000,30.0000
0.9,80.0,20.0,0.0000,32.3808
0.9,80.0,40.0,0.0039,35.3787
0.9,80.0,60.0,0.0189,37.9391
0.9,80.0,80.0,0.0408,40.1312
0.9,80.0,100.0,0.0674,42.0262
0.9,80.0,120.0,0.0970,43.6876
0.9,80.0,140.0,0.1287,45.1544
0.9,80.0,160.0,0.1618,46.4552
0.9,80.0,180.0,0.1955,47.6291
0.9,80.0,200.0,0.2292,48.7045
0.9,80.0,220.0,0.2627,49.6968
0.9,80.0,240.0,0.2958,50.6249
0.9,80.0,260.0,0.3284,51.5038
0.9,80.0,280.0,0.3606,52.3330
0.9,80.0,300.0,0.3928,53.1143
0.9,80.0,320.0,0.4250,53.8502
0.9,80.0,340.0,0.4576,54.5415
0.9,80.0,360.0,0.4909,55.1848
0.9,80.0,380.0,0.5243,55.8131
0.9,80.0,400.0,0.5571,56.4498
0.9,80.0,420.0,0.5894,57.0993
0.9,80.0,440.0,0.6209,57.7616
0.9,80.0,460.0,0.6518,58.4353
0.9,80.0,480.0,0.6820,59.1185
0.9,80.0,500.0,0.7115,59.8113
0.9,80.0,520.0,0.7402,60.5136
0.9,80.0,540.0,0.7681,61.2249
0.9,80.0,560.0,0.7950,61.9438
0.9,80.0,580.0,0.8210,62.6706
0.9,80.0,600.0,0.8459,63.4051
0.9,80.0,620.0,0.8696,64.1468
0.9,80.0,640.0,0.8921,64.8965
0.9,80.0,660.0,0.9131,65.6544
0.9,80.0,680.0,0.9325,66.4232
0.9,80.0,700.0,0.9500,67.2037
0.9,80.0,720.0,0.9654,68.0014
0.9,80.0,740.0,0.9782,68.8258
0.9,80.0,760.0,0.9880,69.6844
0.9,80.0,780.0,0.9947,70.5695
0.9,80.0,800.0,0.9985,71.4578
0.9,80.0,820.0,1.0000,72.3307
0.9,80.0,840.0,1.0000,73.1488
0.9,80.0,860.0,1.0000,73.8670
0.9,80.0,880.0,1.0000,74.5021
0.9,80.0,900.0,1.0000,75.0659
0.9,80.0,920.0,1.0000,75.5678
0.9,80.0,940.0,1.0000,76.0156
0.9,80.0,960.0,1.0000,76.4159
0.9,80.0,980.0,1.0000,76.7743
0.9,80.0,1000.0,1.0000,77.0954
0.9,80.0,1020.0,1.0000,77.3836
0.9,80.0,1040.0,1.0000,77.6424
0.9,80.0,1060.0,1.0000,77.8749
0.9,80.0,1080.0,1.0000,78.0841
0.9,80.0,1100.0,1.0000,78.2722
0.9,80.0,1120.0,1.0000,78.4416
0.9,80.0,1140.0,1.0000,78.5941
0.9,80.0,1160.0,1.0000,78.7315
0.9,80.0,1180.0,1.0000,78.8553
0.9,80.0,1200.0,1.0000,78.9670
0.9,80.0,1220.0,1.0000,79.0676
0.9,80.0,1240.0,1.0000,79.1583
0.9,80.0,1260.0,1.0000,79.2401
0.9,80.0,1280.0,1.0000,79.3140
0.9,80.0,1300.0,1.0000,79.3806
0.9,80.0,1320.0,1.0000,79.4406
0.9,80.0,1340.0,1.0000,79.4948
0.9,80.0,1360.0,1.0000,79.5437
0.9,80.0,1380.0,1.0000,79.5878
0.9,80.0,1400.0,1.0000,79.6277
0.9,80.0,1420.0,1.0000,79.6636
0.9,80.0,1440.0,1.0000,79.6960
0.9,80.0,1460.0,1.0000,79.7252
0.9,80.0,1480.0,1.0000,79.7516
0.9,80.0,1500.0,1.0000,79.7754
1.0,80.0,0.0,0.0000,30.0000
1.0,80.0,20.0,0.0000,32.6482
1.0,80.0,40.0,0.0057,35.9062
1.0,80.0,60.0,0.0232,38.6553
1.0,80.0,80.0,0.0483,40.9795
1.0,80.0,100.0,0.0785,42.9571
1.0,80.0,120.0,0.1119,44.6661
1.0,80.0,140.0,0.1476,46.1506
1.0,80.0,160.0,0.1843,47.4656
1.0,80.0,180.0,0.2219,48.6266
1.0,80.0,200.0,0.2593,49.6914
1.0,80.0,220.0,0.2963,50.6743
1.0,80.0,240.0,0.3328,51.5947
1.0,80.0,260.0,0.3690,52.4585
1.0,80.0,280.0,0.4050,53.2691
1.0,80.0,300.0,0.4412,54.0296
1.0,80.0,320.0,0.4782,54.7328
1.0,80.0,340.0,0.5153,55.4141
1.0,80.0,360.0,0.5518,56.1073
1.0,80.0,380.0,0.5873,56.8176
1.0,80.0,400.0,0.6220,57.5434
1.0,80.0,420.0,0.6559,58.2839
1.0,80.0,440.0,0.6888,59.0375
1.0,80.0,460.0,0.7207,59.8030
1.0,80.0,480.0,0.7516,60.5798
1.0,80.0,500.0,0.7814,61.3670
1.0,80.0,520.0,0.8101,62.1634
1.0,80.0,540.0,0.8375,62.9692
1.0,80.0,560.0,0.8635,63.7837
1.0,80.0,580.0,0.8879,64.6075
1.0,80.0,600.0,0.9107,65.4406
1.0,80.0,620.0,0.9316,66.2850
1.0,80.0,640.0,0.9504,67.1419
1.0,80.0,660.0,0.9667,68.0169
1.0,80.0,680.0,0.9801,68.9173
1.0,80.0,700.0,0.9901,69.8573
1.0,80.0,720.0,0.9964,70.8243
1.0,80.0,740.0,0.9995,71.7949
1.0,80.0,760.0,1.0000,72.7362
1.0,80.0,780.0,1.0000,73.5704
1.0,80.0,800.0,1.0000,74.2986
1.0,80.0,820.0,1.0000,74.9377
1.0,80.0,840.0,1.0000,75.5002
1.0,80.0,860.0,1.0000,75.9968
1.0,80.0,880.0,1.0000,76.4359
1.0,80.0,900.0,1.0000,76.8249
1.0,80.0,920.0,1.0000,77.1700
1.0,80.0,940.0,1.0000,77.4765
1.0,80.0,960.0,1.0000,77.7489
1.0,80.0,980.0,1.0000,77.9912
1.0,80.0,1000.0,1.0000,78.2070
1.0,80.0,1020.0,1.0000,78.3992
1.0,80.0,1040.0,1.0000,78.5704
1.0,80.0,1060.0,1.0000,78.7231
1.0,80.0,1080.0,1.0000,78.8593
1.0,80.0,1100.0,1.0000,78.9808
1.0,80.0,1120.0,1.0000,79.0893
1.0,80.0,1140.0,1.0000,79.1861
1.0,80.0,1160.0,1.0000,79.2725
1.0,80.0,1180.0,1.0000,79.3497
1.0,80.0,1200.0,1.0000,79.4186
1.0,80.0,1220.0,1.0000,79.4802
1.0,80.0,1240.0,1.0000,79.5351
1.0,80.0,1260.0,1.0000,79.5842
1.0,80.0,1280.0,1.0000,79.6281
1.0,80.0,1300.0,1.0000,79.6673
1.0,80.0,1320.0,1.0000,79.7023
1.0,80.0,1340.0,1.0000,79.7335
1.0,80.0,1360.0,1.0000,79.7614
1.0,80.0,1380.0,1.0000,79.7864
1.0,80.0,1400.0,1.0000,79.8086
0.6,60.0,0.0,0.0000,30.0000
0.6,60.0,20.0,0.0000,30.9460
0.6,60.0,40.0,0.0000,32.2049
0.6,60.0,60.0,0.0000,33.4799
0.6,60.0,80.0,0.0000,34.7466
0.6,60.0,100.0,0.0000,35.9967
0.6,60.0,120.0,0.0000,37.2239
0.6,60.0,140.0,0.0009,38.3953
0.6,60.0,160.0,0.0035,39.4719
0.6,60.0,180.0,0.0074,40.4650
0.6,60.0,200.0,0.0122,41.3826
0.6,60.0,220.0,0.0177,42.2297
0.6,60.0,240.0,0.0238,43.0108
0.6,60.0,260.0,0.0305,43.7291
0.6,60.0,280.0,0.0376,44.3896
0.6,60.0,300.0,0.0451,44.9938
0.6,60.0,320.0,0.0528,45.5487
0.6,60.0,340.0,0.0609,46.0547
0.6,60.0,360.0,0.0693,46.5146
0.6,60.0,380.0,0.0778,46.9357
0.6,60.0,400.0,0.0865,47.3175
0.6,60.0,420.0,0.0954,47.6636
0.6,60.0,440.0,0.1045,47.9757
0.6,60.0,460.0,0.1136,48.2618
0.6,60.0,480.0,0.1229,48.5214
0.6,60.0,500.0,0.1324,48.7500
0.6,60.0,520.0,0.1419,48.9599
0.6,60.0,540.0,0.1514,49.1539
0.6,60.0,560.0,0.1611,49.3269
0.6,60.0,580.0,0.1709,49.4803
0.6,60.0,600.0,0.1806,49.6253
0.6,60.0,620.0,0.1904,49.7561
0.6,60.0,640.0,0.2003,49.8733
0.6,60.0,660.0,0.2101,49.9851
0.6,60.0,680.0,0.2201,50.0821
0.6,60.0,700.0,0.2299,50.1794
0.6,60.0,720.0,0.2399,50.2636
0.6,60.0,740.0,0.2497,50.3473
0.6,60.0,760.0,0.2597,50.4237
0.6,60.0,780.0,0.2697,50.4946
0.6,60.0,800.0,0.2796,50.5664
0.6,60.0,820.0,0.2897,50.6279
0.6,60.0,840.0,0.2996,50.6952
0.6,60.0,860.0,0.3097,50.7545
0.6,60.0,880.0,0.3198,50.8133
0.6,60.0,900.0,0.3299,50.8733
0.6,60.0,920.0,0.3400,50.9289
0.6,60.0,940.0,0.3499,50.9929
0.6,60.0,960.0,0.3600,51.0528
0.6,60.0,980.0,0.3699,51.1156
0.6,60.0,1000.0,0.3798,51.1804
0.6,60.0,1020.0,0.3897,51.2422
0.6,60.0,1040.0,0.3996,51.3098
0.6,60.0,1060.0,0.4094,51.3745
0.6,60.0,1080.0,0.4192,51.4417
0.6,60.0,1100.0,0.4290,51.5100
0.6,60.0,1120.0,0.4388,51.5769
0.6,60.0,1140.0,0.4485,51.6475
0.6,60.0,1160.0,0.4582,51.7160
0.6,60.0,1180.0,0.4679,51.7868
0.6,60.0,1200.0,0.4776,51.8582
0.6,60.0,1220.0,0.4872,51.9285
0.6,60.0,1240.0,0.4968,52.0020
0.6,60.0,1260.0,0.5064,52.0736
0.6,60.0,1280.0,0.5160,52.1475
0.6,60.0,1300.0,0.5255,52.2215
0.6,60.0,1320.0,0.5350,52.2953
0.6,60.0,1340.0,0.5445,52.3708
0.6,60.0,1360.0,0.5540,52.4453
0.6,60.0,1380.0,0.5634,52.5219
0.6,60.0,1400.0,0.5728,52.5974
0.6,60.0,1420.0,0.5822,52.6747
0.6,60.0,1440.0,0.5915,52.7519
0.6,60.0,1460.0,0.6009,52.8292
0.6,60.0,1480.0,0.6101,52.9080
0.6,60.0,1500.0,0.6194,52.9857
0.6,60.0,1520.0,0.6286,53.0652
0.6,60.0,1540.0,0.6379,53.1440
0.6,60.0,1560.0,0.6470,53.2240
0.6,60.0,1580.0,0.6562,53.3038
0.6,60.0,1600.0,0.6653,53.3844
0.6,60.0,1620.0,0.6744,53.4654
0.6,60.0,1640.0,0.6834,53.5460
0.6,60.0,1660.0,0.6924,53.6281
0.6,60.0,1680.0,0.7014,53.7092
0.6,60.0,1700.0,0.7103,53.7918
0.6,60.0,1720.0,0.7192,53.8739
0.6,60.0,1740.0,0.7280,53.9569
0.6,60.0,1760.0,0.7368,54.0399
0.6,60.0,1780.0,0.7456,54.1231
0.6,60.0,1800.0,0.7543,54.2071
0.6,60.0,1820.0,0.7630,54.2903
0.6,60.0,1840.0,0.7716,54.3750
0.6,60.0,1860.0,0.7801,54.4588
0.6,60.0,1880.0,0.7886,54.5437
0.6,60.0,1900.0,0.7971,54.6286
0.6,60.0,1920.0,0.8055,54.7136
0.6,60.0,1940.0,0.8138,54.7992
0.6,60.0,1960.0,0.8220,54.8843
0.6,60.0,1980.0,0.8302,54.9705
0.6,60.0,2000.0,0.8384,55.0559
0.6,60.0,2020.0,0.8464,55.1425
0.6,60.0,2040.0,0.8543,55.2287
0.6,60.0,2060.0,0.8622,55.3152
0.6,60.0,2080.0,0.8700,55.4025
0.6,60.0,2100.0,0.8777,55.4891
0.6,60.0,2120.0,0.8853,55.5768
0.6,60.0,2140.0,0.8927,55.6640
0.6,60.0,2160.0,0.9001,55.7524
0.6,60.0,2180.0,0.9073,55.8407
0.6,60.0,2200.0,0.9145,55.9295
0.6,60.0,2220.0,0.9214,56.0196
0.6,60.0,2240.0,0.9282,56.1092
0.6,60.0,2260.0,0.9349,56.2010
0.6,60.0,2280.0,0.9414,56.2929
0.6,60.0,2300.0,0.9476,56.3867
0.6,60.0,2320.0,0.9537,56.4823
0.6,60.0,2340.0,0.9595,56.5797
0.6,60.0,2360.0,0.9650,56.6808
0.6,60.0,2380.0,0.9703,56.7846
0.6,60.0,2400.0,0.9751,56.8938
0.6,60.0,2420.0,0.9796,57.0080
0.6,60.0,2440.0,0.9836,57.1270
0.6,60.0,2460.0,0.9872,57.2520
0.6,60.0,2480.0,0.9904,57.3803
0.6,60.0,2500.0,0.9931,57.5125
0.6,60.0,2520.0,0.9954,57.6487
0.6,60.0,2540.0,0.9972,57.7867
0.6,60.0,2560.0,0.9986,57.9266
0.6,60.0,2580.0,0.9996,58.0707
0.6,60.0,2600.0,1.0000,58.2173
0.6,60.0,2620.0,1.0000,58.3636
0.6,60.0,2640.0,1.0000,58.4942
0.6,60.0,2660.0,1.0000,58.6120
0.6,60.0,2680.0,1.0000,58.7188
0.6,60.0,2700.0,1.0000,58.8160
0.6,60.0,2720.0,1.0000,58.9047
0.6,60.0,2740.0,1.0000,58.9859
0.6,60.0,2760.0,1.0000,59.0603
0.6,60.0,2780.0,1.0000,59.1286
0.6,60.0,2800.0,1.0000,59.1915
0.6,60.0,2820.0,1.0000,59.2494
0.6,60.0,2840.0,1.0000,59.3028
0.6,60.0,2860.0,1.0000,59.3521
0.6,60.0,2880.0,1.0000,59.3976
0.6,60.0,2900.0,1.0000,59.4398
0.6,60.0,2920.0,1.0000,59.4788
0.6,60.0,2940.0,1.0000,59.5149
0.6,60.0,2960.0,1.0000,59.5484
0.6,60.0,2980.0,1.0000,59.5795
0.6,60.0,3000.0,1.0000,59.6083
0.6,60.0,3020.0,1.0000,59.6351
0.6,60.0,3040.0,1.0000,59.6599
0.6,60.0,3060.0,1.0000,59.6830
0.6,60.0,3080.0,1.0000,59.7044
0.6,60.0,3100.0,1.0000,59.7244
0.6,60.0,3120.0,1.0000,59.7429
0.6,60.0,3140.0,1.0000,59.7601
0.6,60.0,3160.0,1.0000,59.7762
0.6,60.0,3180.0,1.0000,59.7911
0.6,60.0,3200.0,1.0000,59.8049
0.6,65.0,0.0,0.0000,30.0000
0.6,65.0,20.0,0.0000,31.1036
0.6,65.0,40.0,0.0000,32.5724
0.6,65.0,60.0,0.0000,34.0599
0.6,65.0,80.0,0.0000,35.5377
0.6,65.0,100.0,0.0015,36.9515
0.6,65.0,120.0,0.0059,38.2325
0.6,65.0,140.0,0.0122,39.4053
0.6,65.0,160.0,0.0200,40.4836
0.6,65.0,180.0,0.0289,41.4751
0.6,65.0,200.0,0.0386,42.3883
0.6,65.0,220.0,0.0491,43.2291
0.6,65.0,240.0,0.0602,43.9995
0.6,65.0,260.0,0.0717,44.7079
0.6,65.0,280.0,0.0836,45.3569
0.6,65.0,300.0,0.0959,45.9500
0.6,65.0,320.0,0.1085,46.4959
0.6,65.0,340.0,0.1212,46.9948
0.6,65.0,360.0,0.1343,47.4455
0.6,65.0,380.0,0.1473,47.8660
0.6,65.0,400.0,0.1605,48.2460
0.6,65.0,420.0,0.1738,48.5988
0.6,65.0,440.0,0.1872,48.9191
0.6,65.0,460.0,0.2004,49.2234
0.6,65.0,480.0,0.2139,49.4991
0.6,65.0,500.0,0.2273,49.7540
0.6,65.0,520.0,0.2406,49.9987
0.6,65.0,540.0,0.2540,50.2271
0.6,65.0,560.0,0.2673,50.4395
0.6,65.0,580.0,0.2808,50.6373
0.6,65.0,600.0,0.2942,50.8241
0.6,65.0,620.0,0.3076,51.0049
0.6,65.0,640.0,0.3210,51.1758
0.6,65.0,660.0,0.3345,51.3375
0.6,65.0,680.0,0.3481,51.4900
0.6,65.0,700.0,0.3617,51.6342
0.6,65.0,720.0,0.3753,51.7769
0.6,65.0,740.0,0.3891,51.9134
0.6,65.0,760.0,0.4029,52.0453
0.6,65.0,780.0,0.4167,52.1764
0.6,65.0,800.0,0.4305,52.3081
0.6,65.0,820.0,0.4442,52.4429
0.6,65.0,840.0,0.4578,52.5804
0.6,65.0,860.0,0.4714,52.7194
0.6,65.0,880.0,0.4849,52.8593
0.6,65.0,900.0,0.4984,52.9997
0.6,65.0,920.0,0.5118,53.1427
0.6,65.0,940.0,0.5251,53.2877
0.6,65.0,960.0,0.5383,53.4341
0.6,65.0,980.0,0.5516,53.5808
0.6,65.0,1000.0,0.5647,53.7290
0.6,65.0,1020.0,0.5778,53.8791
0.6,65.0,1040.0,0.5909,54.0306
0.6,65.0,1060.0,0.6038,54.1825
0.6,65.0,1080.0,0.6168,54.3354
0.6,65.0,1100.0,0.6296,54.4900
0.6,65.0,1120.0,0.6424,54.6460
0.6,65.0,1140.0,0.6551,54.8027
0.6,65.0,1160.0,0.6677,54.9598
0.6,65.0,1180.0,0.6803,55.1186
0.6,65.0,1200.0,0.6927,55.2788
0.6,65.0,1220.0,0.7051,55.4395
0.6,65.0,1240.0,0.7175,55.6005
0.6,65.0,1260.0,0.7297,55.7630
0.6,65.0,1280.0,0.7418,55.9267
0.6,65.0,1300.0,0.7538,56.0910
0.6,65.0,1320.0,0.7658,56.2553
0.6,65.0,1340.0,0.7776,56.4211
0.6,65.0,1360.0,0.7893,56.5877
0.6,65.0,1380.0,0.8009,56.7550
0.6,65.0,1400.0,0.8124,56.9224
0.6,65.0,1420.0,0.8238,57.0911
0.6,65.0,1440.0,0.8350,57.2605
0.6,65.0,1460.0,0.8460,57.4307
0.6,65.0,1480.0,0.8569,57.6009
0.6,65.0,1500.0,0.8676,57.7721
0.6,65.0,1520.0,0.8781,57.9443
0.6,65.0,1540.0,0.8884,58.1173
0.6,65.0,1560.0,0.8985,58.2910
0.6,65.0,1580.0,0.9084,58.4657
0.6,65.0,1600.0,0.9180,58.6421
0.6,65.0,1620.0,0.9273,58.8203
0.6,65.0,1640.0,0.9363,59.0006
0.6,65.0,1660.0,0.9449,59.1835
0.6,65.0,1680.0,0.9531,59.3703
0.6,65.0,1700.0,0.9608,59.5624
0.6,65.0,1720.0,0.9680,59.7611
0.6,65.0,1740.0,0.9745,59.9685
0.6,65.0,1760.0,0.9803,60.1853
0.6,65.0,1780.0,0.9853,60.4120
0.6,65.0,1800.0,0.9896,60.6462
0.6,65.0,1820.0,0.9932,60.8858
0.6,65.0,1840.0,0.9959,61.1308
0.6,65.0,1860.0,0.9980,61.3773
0.6,65.0,1880.0,0.9994,61.6273
0.6,65.0,1900.0,1.0000,61.8795
0.6,65.0,1920.0,1.0000,62.1278
0.6,65.0,1940.0,1.0000,62.3508
0.6,65.0,1960.0,1.0000,62.5528
0.6,65.0,1980.0,1.0000,62.7367
0.6,65.0,2000.0,1.0000,62.9047
0.6,65.0,2020.0,1.0000,63.0585
0.6,65.0,2040.0,1.0000,63.1996
0.6,65.0,2060.0,1.0000,63.3294
0.6,65.0,2080.0,1.0000,63.4489
0.6,65.0,2100.0,1.0000,63.5591
0.6,65.0,2120.0,1.0000,63.6608
0.6,65.0,2140.0,1.0000,63.7548
0.6,65.0,2160.0,1.0000,63.8418
0.6,65.0,2180.0,1.0000,63.9224
0.6,65.0,2200.0,1.0000,63.9970
0.6,65.0,2220.0,1.0000,64.0662
0.6,65.0,2240.0,1.0000,64.1304
0.6,65.0,2260.0,1.0000,64.1900
0.6,65.0,2280.0,1.0000,64.2454
0.6,65.0,2300.0,1.0000,64.2968
0.6,65.0,2320.0,1.0000,64.3446
0.6,65.0,2340.0,1.0000,64.3890
0.6,65.0,2360.0,1.0000,64.4304
0.6,65.0,2380.0,1.0000,64.4689
0.6,65.0,2400.0,1.0000,64.5047
0.6,65.0,2420.0,1.0000,64.5380
0.6,65.0,2440.0,1.0000,64.5690
0.6,65.0,2460.0,1.0000,64.5979
0.6,65.0,2480.0,1.0000,64.6248
0.6,65.0,2500.0,1.0000,64.6499
0.6,70.0,0.0,0.0000,30.0000
0.6,70.0,20.0,0.0000,31.2614
0.6,70.0,40.0,0.0000,32.9398
0.6,70.0,60.0,0.0000,34.6399
0.6,70.0,80.0,0.0026,36.2472
0.6,70.0,100.0,0.0093,37.6824
0.6,70.0,120.0,0.0185,38.9862
0.6,70.0,140.0,0.0296,40.1778
0.6,70.0,160.0,0.0421,41.2700
0.6,70.0,180.0,0.0556,42.2779
0.6,70.0,200.0,0.0700,43.2035
0.6,70.0,220.0,0.0850,44.0559
0.6,70.0,240.0,0.1006,44.8392
0.6,70.0,260.0,0.1164,45.5672
0.6,70.0,280.0,0.1328,46.2276
0.6,70.0,300.0,0.1490,46.8494
0.6,70.0,320.0,0.1656,47.4187
0.6,70.0,340.0,0.1822,47.9473
0.6,70.0,360.0,0.1987,48.4463
0.6,70.0,380.0,0.2152,48.9110
0.6,70.0,400.0,0.2317,49.3468
0.6,70.0,420.0,0.2481,49.7568
0.6,70.0,440.0,0.2645,50.1435
0.6,70.0,460.0,0.2809,50.5087
0.6,70.0,480.0,0.2972,50.8538
0.6,70.0,500.0,0.3136,51.1807
0.6,70.0,520.0,0.3300,51.4906
0.6,70.0,540.0,0.3464,51.7848
0.6,70.0,560.0,0.3629,52.0648
0.6,70.0,580.0,0.3794,52.3317
0.6,70.0,600.0,0.3961,52.5870
0.6,70.0,620.0,0.4128,52.8315
0.6,70.0,640.0,0.4296,53.0660
0.6,70.0,660.0,0.4467,53.2906
0.6,70.0,680.0,0.4638,53.5105
0.6,70.0,700.0,0.4808,53.7319
0.6,70.0,720.0,0.4977,53.9561
0.6,70.0,740.0,0.5146,54.1829
0.6,70.0,760.0,0.5313,54.4124
0.6,70.0,780.0,0.5479,54.6444
0.6,70.0,800.0,0.5645,54.8789
0.6,70.0,820.0,0.5809,55.1162
0.6,70.0,840.0,0.5972,55.3559
0.6,70.0,860.0,0.6133,55.5980
0.6,70.0,880.0,0.6294,55.8424
0.6,70.0,900.0,0.6454,56.0888
0.6,70.0,920.0,0.6612,56.3372
0.6,70.0,940.0,0.6769,56.5878
0.6,70.0,960.0,0.6925,56.8403
0.6,70.0,980.0,0.7079,57.0947
0.6,70.0,1000.0,0.7232,57.3509
0.6,70.0,1020.0,0.7383,57.6086
0.6,70.0,1040.0,0.7533,57.8679
0.6,70.0,1060.0,0.7681,58.1290
0.6,70.0,1080.0,0.7828,58.3915
0.6,70.0,1100.0,0.7972,58.6558
0.6,70.0,1120.0,0.8115,58.9216
0.6,70.0,1140.0,0.8255,59.1889
0.6,70.0,1160.0,0.8393,59.4575
0.6,70.0,1180.0,0.8528,59.7274
0.6,70.0,1200.0,0.8661,59.9988
0.6,70.0,1220.0,0.8791,60.2718
0.6,70.0,1240.0,0.8917,60.5463
0.6,70.0,1260.0,0.9040,60.8232
0.6,70.0,1280.0,0.9158,61.1023
0.6,70.0,1300.0,0.9273,61.3847
0.6,70.0,1320.0,0.9381,61.6711
0.6,70.0,1340.0,0.9484,61.9630
0.6,70.0,1360.0,0.9580,62.2629
0.6,70.0,1380.0,0.9668,62.5731
0.6,70.0,1400.0,0.9746,62.8972
0.6,70.0,1420.0,0.9813,63.2352
0.6,70.0,1440.0,0.9869,63.5851
0.6,70.0,1460.0,0.9915,63.9424
0.6,70.0,1480.0,0.9951,64.3052
0.6,70.0,1500.0,0.9977,64.6697
0.6,70.0,1520.0,0.9993,65.0359
0.6,70.0,1540.0,1.0000,65.4027
0.6,70.0,1560.0,1.0000,65.7579
0.6,70.0,1580.0,1.0000,66.0784
0.6,70.0,1600.0,1.0000,66.3702
0.6,70.0,1620.0,1.0000,66.6367
0.6,70.0,1640.0,1.0000,66.8811
0.6,70.0,1660.0,1.0000,67.1055
0.6,70.0,1680.0,1.0000,67.3121
0.6,70.0,1700.0,1.0000,67.5025
0.6,70.0,1720.0,1.0000,67.6783
0.6,70.0,1740.0,1.0000,67.8408
0.6,70.0,1760.0,1.0000,67.9911
0.6,70.0,1780.0,1.0000,68.1304
0.6,70.0,1800.0,1.0000,68.2594
0.6,70.0,1820.0,1.0000,68.3791
0.6,70.0,1840.0,1.0000,68.4902
0.6,70.0,1860.0,1.0000,68.5934
0.6,70.0,1880.0,1.0000,68.6892
0.6,70.0,1900.0,1.0000,68.7783
0.6,70.0,1920.0,1.0000,68.8611
0.6,70.0,1940.0,1.0000,68.9382
0.6,70.0,1960.0,1.0000,69.0099
0.6,70.0,1980.0,1.0000,69.0767
0.6,70.0,2000.0,1.0000,69.1388
0.6,70.0,2020.0,1.0000,69.1967
0.6,70.0,2040.0,1.0000,69.2506
0.6,70.0,2060.0,1.0000,69.3009
0.6,70.0,2080.0,1.0000,69.3477
0.6,70.0,2100.0,1.0000,69.3913
0.6,70.0,2120.0,1.0000,69.4320
0.6,70.0,2140.0,1.0000,69.4699
0.6,70.0,2160.0,1.0000,69.5052
0.6,70.0,2180.0,1.0000,69.5382
0.6,70.0,2200.0,1.0000,69.5689
0.6,70.0,2220.0,1.0000,69.5976
0.6,70.0,2240.0,1.0000,69.6243
0.6,70.0,2260.0,1.0000,69.6492
0.6,70.0,2280.0,1.0000,69.6724
0.6,70.0,2300.0,1.0000,69.6941
0.6,70.0,2320.0,1.0000,69.7143
0.6,70.0,2340.0,1.0000,69.7331
0.6,70.0,2360.0,1.0000,69.7507
0.6,70.0,2380.0,1.0000,69.7671
0.6,70.0,2400.0,1.0000,69.7824
0.6,70.0,2420.0,1.0000,69.7966
0.6,70.0,2440.0,1.0000,69.8099
0.6,70.0,2460.0,1.0000,69.8223
0.6,70.0,2480.0,1.0000,69.8339
0.6,70.0,2500.0,1.0000,69.8447
0.6,75.0,0.0,0.0000,30.0000
0.6,75.0,20.0,0.0000,31.4190
0.6,75.0,40.0,0.0000,33.3073
0.6,75.0,60.0,0.0017,35.1696
0.6,75.0,80.0,0.0093,36.8117
0.6,75.0,100.0,0.0205,38.2835
0.6,75.0,120.0,0.0342,39.6177
0.6,75.0,140.0,0.0498,40.8381
0.6,75.0,160.0,0.0668,41.9580
0.6,75.0,180.0,0.0845,42.9973
0.6,75.0,200.0,0.1031,43.9538
0.6,75.0,220.0,0.1222,44.8376
0.6,75.0,240.0,0.1415,45.6672
0.6,75.0,260.0,0.1612,46.4337
0.6,75.0,280.0,0.1808,47.1527
0.6,75.0,300.0,0.2004,47.8307
0.6,75.0,320.0,0.2199,48.4738
0.6,75.0,340.0,0.2391,49.0844
0.6,75.0,360.0,0.2583,49.6631
0.6,75.0,380.0,0.2774,50.2099
0.6,75.0,400.0,0.2964,50.7287
0.6,75.0,420.0,0.3154,51.2211
0.6,75.0,440.0,0.3344,51.6919
0.6,75.0,460.0,0.3534,52.1410
0.6,75.0,480.0,0.3724,52.5672
0.6,75.0,500.0,0.3915,52.9727
0.6,75.0,520.0,0.4108,53.3603
0.6,75.0,540.0,0.4301,53.7320
0.6,75.0,560.0,0.4495,54.0888
0.6,75.0,580.0,0.4691,54.4317
0.6,75.0,600.0,0.4891,54.7597
0.6,75.0,620.0,0.5090,55.0819
0.6,75.0,640.0,0.5289,55.4064
0.6,75.0,660.0,0.5486,55.7350
0.6,75.0,680.0,0.5681,56.0678
0.6,75.0,700.0,0.5875,56.4042
0.6,75.0,720.0,0.6067,56.7448
0.6,75.0,740.0,0.6258,57.0889
0.6,75.0,760.0,0.6446,57.4362
0.6,75.0,780.0,0.6633,57.7873
0.6,75.0,800.0,0.6818,58.1414
0.6,75.0,820.0,0.7001,58.4985
0.6,75.0,840.0,0.7182,58.8588
0.6,75.0,860.0,0.7361,59.2219
0.6,75.0,880.0,0.7537,59.5877
0.6,75.0,900.0,0.7711,59.9564
0.6,75.0,920.0,0.7882,60.3277
0.6,75.0,940.0,0.8051,60.7014
0.6,75.0,960.0,0.8216,61.0777
0.6,75.0,980.0,0.8378,61.4562
0.6,75.0,1000.0,0.8536,61.8370
0.6,75.0,1020.0,0.8691,62.2206
0.6,75.0,1040.0,0.8841,62.6065
0.6,75.0,1060.0,0.8986,62.9958
0.6,75.0,1080.0,0.9126,63.3889
0.6,75.0,1100.0,0.9259,63.7870
0.6,75.0,1120.0,0.9385,64.1913
0.6,75.0,1140.0,0.9502,64.6045
0.6,75.0,1160.0,0.9610,65.0304
0.6,75.0,1180.0,0.9704,65.4739
0.6,75.0,1200.0,0.9785,65.9357
0.6,75.0,1220.0,0.9852,66.4121
0.6,75.0,1240.0,0.9906,66.8977
0.6,75.0,1260.0,0.9947,67.3872
0.6,75.0,1280.0,0.9976,67.8769
0.6,75.0,1300.0,0.9994,68.3655
0.6,75.0,1320.0,1.0000,68.8522
0.6,75.0,1340.0,1.0000,69.3139
0.6,75.0,1360.0,1.0000,69.7330
0.6,75.0,1380.0,1.0000,70.1160
0.6,75.0,1400.0,1.0000,70.4672
0.6,75.0,1420.0,1.0000,70.7901
0.6,75.0,1440.0,1.0000,71.0876
0.6,75.0,1460.0,1.0000,71.3622
0.6,75.0,1480.0,1.0000,71.6159
0.6,75.0,1500.0,1.0000,71.8507
0.6,75.0,1520.0,1.0000,72.0681
0.6,75.0,1540.0,1.0000,72.2697
0.6,75.0,1560.0,1.0000,72.4567
0.6,75.0,1580.0,1.0000,72.6304
0.6,75.0,1600.0,1.0000,72.7917
0.6,75.0,1620.0,1.0000,72.9416
0.6,75.0,1640.0,1.0000,73.0810
0.6,75.0,1660.0,1.0000,73.2107
0.6,75.0,1680.0,1.0000,73.3314
0.6,75.0,1700.0,1.0000,73.4437
0.6,75.0,1720.0,1.0000,73.5484
0.6,75.0,1740.0,1.0000,73.6458
0.6,75.0,1760.0,1.0000,73.7366
0.6,75.0,1780.0,1.0000,73.8212
0.6,75.0,1800.0,1.0000,73.9001
0.6,75.0,1820.0,1.0000,73.9736
0.6,75.0,1840.0,1.0000,74.0422
0.6,75.0,1860.0,1.0000,74.1061
0.6,75.0,1880.0,1.0000,74.1657
0.6,75.0,1900.0,1.0000,74.2213
0.6,75.0,1920.0,1.0000,74.2731
0.6,75.0,1940.0,1.0000,74.3215
0.6,75.0,1960.0,1.0000,74.3666
0.6,75.0,1980.0,1.0000,74.4087
0.6,75.0,2000.0,1.0000,74.4480
0.6,75.0,2020.0,1.0000,74.4846
0.6,75.0,2040.0,1.0000,74.5188
0.6,75.0,2060.0,1.0000,74.5507
0.6,75.0,2080.0,1.0000,74.5805
0.6,75.0,2100.0,1.0000,74.6083
0.6,75.0,2120.0,1.0000,74.6342
0.6,75.0,2140.0,1.0000,74.6583
0.6,75.0,2160.0,1.0000,74.6809
0.6,75.0,2180.0,1.0000,74.7019
0.6,75.0,2200.0,1.0000,74.7216
0.6,80.0,0.0,0.0000,30.0000
0.6,80.0,20.0,0.0000,31.5766
0.6,80.0,40.0,0.0000,33.6744
0.6,80.0,60.0,0.0060,35.6083
0.6,80.0,80.0,0.0179,37.2991
0.6,80.0,100.0,0.0334,38.8133
0.6,80.0,120.0,0.0513,40.1902
0.6,80.0,140.0,0.0710,41.4541
0.6,80.0,160.0,0.0921,42.6132
0.6,80.0,180.0,0.1137,43.7005
0.6,80.0,200.0,0.1360,44.7074
0.6,80.0,220.0,0.1586,45.6536
0.6,80.0,240.0,0.1811,46.5457
0.6,80.0,260.0,0.2034,47.3998
0.6,80.0,280.0,0.2256,48.2114
0.6,80.0,300.0,0.2476,48.9814
0.6,80.0,320.0,0.2693,49.7216
0.6,80.0,340.0,0.2908,50.4282
0.6,80.0,360.0,0.3123,51.0994
0.6,80.0,380.0,0.3336,51.7446
0.6,80.0,400.0,0.3550,52.3583
0.6,80.0,420.0,0.3764,52.9428
0.6,80.0,440.0,0.3977,53.5053
0.6,80.0,460.0,0.4192,54.0423
0.6,80.0,480.0,0.4408,54.5557
0.6,80.0,500.0,0.4626,55.0491
0.6,80.0,520.0,0.4845,55.5240
0.6,80.0,540.0,0.5067,55.9773
0.6,80.0,560.0,0.5293,56.4139
0.6,80.0,580.0,0.5518,56.8495
0.6,80.0,600.0,0.5741,57.2901
0.6,80.0,620.0,0.5962,57.7361
0.6,80.0,640.0,0.6180,58.1873
0.6,80.0,660.0,0.6396,58.6428
0.6,80.0,680.0,0.6609,59.1037
0.6,80.0,700.0,0.6820,59.5690
0.6,80.0,720.0,0.7029,60.0391
0.6,80.0,740.0,0.7234,60.5135
0.6,80.0,760.0,0.7436,60.9922
0.6,80.0,780.0,0.7636,61.4745
0.6,80.0,800.0,0.7831,61.9608
0.6,80.0,820.0,0.8023,62.4507
0.6,80.0,840.0,0.8211,62.9446
0.6,80.0,860.0,0.8395,63.4422
0.6,80.0,880.0,0.8573,63.9437
0.6,80.0,900.0,0.8746,64.4483
0.6,80.0,920.0,0.8913,64.9577
0.6,80.0,940.0,0.9073,65.4723
0.6,80.0,960.0,0.9225,65.9937
0.6,80.0,980.0,0.9368,66.5241
0.6,80.0,1000.0,0.9499,67.0662
0.6,80.0,1020.0,0.9617,67.6261
0.6,80.0,1040.0,0.9719,68.2093
0.6,80.0,1060.0,0.9803,68.8127
0.6,80.0,1080.0,0.9871,69.4296
0.6,80.0,1100.0,0.9924,70.0516
0.6,80.0,1120.0,0.9962,70.6743
0.6,80.0,1140.0,0.9987,71.2914
0.6,80.0,1160.0,0.9999,71.9030
0.6,80.0,1180.0,1.0000,72.5003
0.6,80.0,1200.0,1.0000,73.0449
0.6,80.0,1220.0,1.0000,73.5433
0.6,80.0,1240.0,1.0000,74.0011
0.6,80.0,1260.0,1.0000,74.4226
0.6,80.0,1280.0,1.0000,74.8116
0.6,80.0,1300.0,1.0000,75.1712
0.6,80.0,1320.0,1.0000,75.5040
0.6,80.0,1340.0,1.0000,75.8124
0.6,80.0,1360.0,1.0000,76.0984
0.6,80.0,1380.0,1.0000,76.3640
0.6,80.0,1400.0,1.0000,76.6107
0.6,80.0,1420.0,1.0000,76.8400
0.6,80.0,1440.0,1.0000,77.0533
0.6,80.0,1460.0,1.0000,77.2517
0.6,80.0,1480.0,1.0000,77.4365
0.6,80.0,1500.0,1.0000,77.6085
0.6,80.0,1520.0,1.0000,77.7688
0.6,80.0,1540.0,1.0000,77.9181
0.6,80.0,1560.0,1.0000,78.0572
0.6,80.0,1580.0,1.0000,78.1869
0.6,80.0,1600.0,1.0000,78.3079
0.6,80.0,1620.0,1.0000,78.4207
0.6,80.0,1640.0,1.0000,78.5259
0.6,80.0,1660.0,1.0000,78.6240
0.6,80.0,1680.0,1.0000,78.7155
0.6,80.0,1700.0,1.0000,78.8009
0.6,80.0,1720.0,1.0000,78.8806
0.6,80.0,1740.0,1.0000,78.9550
0.6,80.0,1760.0,1.0000,79.0244
0.6,80.0,1780.0,1.0000,79.0891
0.6,80.0,1800.0,1.0000,79.1496
0.6,80.0,1820.0,1.0000,79.2060
0.6,80.0,1840.0,1.0000,79.2587
0.6,80.0,1860.0,1.0000,79.3078
0.6,80.0,1880.0,1.0000,79.3537
0.6,80.0,1900.0,1.0000,79.3965
0.6,80.0,1920.0,1.0000,79.4365
0.6,80.0,1940.0,1.0000,79.4738
0.6,80.0,1960.0,1.0000,79.5086
0.6,80.0,1980.0,1.0000,79.5411
0.6,80.0,2000.0,1.0000,79.5714
0.6,85.0,0.0,0.0000,30.0000
0.6,85.0,20.0,0.0000,31.7343
0.6,85.0,40.0,0.0014,34.0047
0.6,85.0,60.0,0.0116,35.9944
0.6,85.0,80.0,0.0276,37.7372
0.6,85.0,100.0,0.0472,39.3007
0.6,85.0,120.0,0.0692,40.7280
0.6,85.0,140.0,0.0930,42.0351
0.6,85.0,160.0,0.1176,43.2595
0.6,85.0,180.0,0.1426,44.4134
0.6,85.0,200.0,0.1679,45.5025
0.6,85.0,220.0,0.1932,46.5358
0.6,85.0,240.0,0.2182,47.5289
0.6,85.0,260.0,0.2427,48.4881
0.6,85.0,280.0,0.2669,49.4061
0.6,85.0,300.0,0.2908,50.2922
0.6,85.0,320.0,0.3145,51.1391
0.6,85.0,340.0,0.3380,51.9528
0.6,85.0,360.0,0.3616,52.7307
0.6,85.0,380.0,0.3850,53.4774
0.6,85.0,400.0,0.4086,54.1915
0.6,85.0,420.0,0.4321,54.8790
0.6,85.0,440.0,0.4558,55.5362
0.6,85.0,460.0,0.4797,56.1695
0.6,85.0,480.0,0.5038,56.7769
0.6,85.0,500.0,0.5282,57.3585
0.6,85.0,520.0,0.5531,57.9181
0.6,85.0,540.0,0.5779,58.4750
0.6,85.0,560.0,0.6025,59.0368
0.6,85.0,580.0,0.6268,59.6054
0.6,85.0,600.0,0.6507,60.1809
0.6,85.0,620.0,0.6743,60.7630
0.6,85.0,640.0,0.6976,61.3505
0.6,85.0,660.0,0.7206,61.9441
0.6,85.0,680.0,0.7431,62.5442
0.6,85.0,700.0,0.7652,63.1490
0.6,85.0,720.0,0.7869,63.7589
0.6,85.0,740.0,0.8081,64.3746
0.6,85.0,760.0,0.8287,64.9956
0.6,85.0,780.0,0.8488,65.6207
0.6,85.0,800.0,0.8682,66.2515
0.6,85.0,820.0,0.8868,66.8884
0.6,85.0,840.0,0.9046,67.5319
0.6,85.0,860.0,0.9214,68.1841
0.6,85.0,880.0,0.9371,68.8481
0.6,85.0,900.0,0.9513,69.5296
0.6,85.0,920.0,0.9637,70.2347
0.6,85.0,940.0,0.9742,70.9669
0.6,85.0,960.0,0.9826,71.7181
0.6,85.0,980.0,0.9892,72.4784
0.6,85.0,1000.0,0.9942,73.2379
0.6,85.0,1020.0,0.9976,73.9929
0.6,85.0,1040.0,0.9995,74.7375
0.6,85.0,1060.0,1.0000,75.4708
0.6,85.0,1080.0,1.0000,76.1550
0.6,85.0,1100.0,1.0000,76.7811
0.6,85.0,1120.0,1.0000,77.3568
0.6,85.0,1140.0,1.0000,77.8876
0.6,85.0,1160.0,1.0000,78.3780
0.6,85.0,1180.0,1.0000,78.8319
0.6,85.0,1200.0,1.0000,79.2526
0.6,85.0,1220.0,1.0000,79.6429
0.6,85.0,1240.0,1.0000,80.0053
0.6,85.0,1260.0,1.0000,80.3422
0.6,85.0,1280.0,1.0000,80.6555
0.6,85.0,1300.0,1.0000,80.9471
0.6,85.0,1320.0,1.0000,81.2185
0.6,85.0,1340.0,1.0000,81.4713
0.6,85.0,1360.0,1.0000,81.7069
0.6,85.0,1380.0,1.0000,81.9265
0.6,85.0,1400.0,1.0000,82.1312
0.6,85.0,1420.0,1.0000,82.3221
0.6,85.0,1440.0,1.0000,82.5001
0.6,85.0,1460.0,1.0000,82.6662
0.6,85.0,1480.0,1.0000,82.8212
0.6,85.0,1500.0,1.0000,82.9658
0.6,85.0,1520.0,1.0000,83.1007
0.6,85.0,1540.0,1.0000,83.2267
0.6,85.0,1560.0,1.0000,83.3442
0.6,85.0,1580.0,1.0000,83.4540
0.6,85.0,1600.0,1.0000,83.5564
0.6,85.0,1620.0,1.0000,83.6521
0.6,85.0,1640.0,1.0000,83.7413
0.6,85.0,1660.0,1.0000,83.8247
0.6,85.0,1680.0,1.0000,83.9025
0.6,85.0,1700.0,1.0000,83.9752
0.6,85.0,1720.0,1.0000,84.0431
0.6,85.0,1740.0,1.0000,84.1064
0.6,85.0,1760.0,1.0000,84.1656
0.6,85.0,1780.0,1.0000,84.2208
0.6,85.0,1800.0,1.0000,84.2724
0.6,85.0,1820.0,1.0000,84.3205
0.6,85.0,1840.0,1.0000,84.3655
0.6,85.0,1860.0,1.0000,84.4075
0.6,85.0,1880.0,1.0000,84.4466
0.6,85.0,1900.0,1.0000,84.4832
0.6,85.0,1920.0,1.0000,84.5174
0.6,85.0,1940.0,1.0000,84.5493
0.6,85.0,1960.0,1.0000,84.5790
0.6,85.0,1980.0,1.0000,84.6068
0.6,85.0,2000.0,1.0000,84.6328
0.6,90.0,0.0,0.0000,30.0000
0.6,90.0,20.0,0.0000,31.8920
0.6,90.0,40.0,0.0039,34.2920
0.6,90.0,60.0,0.0181,36.3465
0.6,90.0,80.0,0.0381,38.1451
0.6,90.0,100.0,0.0616,39.7637
0.6,90.0,120.0,0.0874,41.2480
0.6,90.0,140.0,0.1145,42.6322
0.6,90.0,160.0,0.1423,43.9347
0.6,90.0,180.0,0.1703,45.1734
0.6,90.0,200.0,0.1982,46.3564
0.6,90.0,220.0,0.2255,47.5096
0.6,90.0,240.0,0.2523,48.6230
0.6,90.0,260.0,0.2787,49.6971
0.6,90.0,280.0,0.3046,50.7381
0.6,90.0,300.0,0.3304,51.7377
0.6,90.0,320.0,0.3560,52.6970
0.6,90.0,340.0,0.3814,53.6233
0.6,90.0,360.0,0.4069,54.5098
0.6,90.0,380.0,0.4324,55.3648
0.6,90.0,400.0,0.4580,56.1847
0.6,90.0,420.0,0.4837,56.9748
0.6,90.0,440.0,0.5097,57.7337
0.6,90.0,460.0,0.5360,58.4641
0.6,90.0,480.0,0.5628,59.1615
0.6,90.0,500.0,0.5899,59.8455
0.6,90.0,520.0,0.6166,60.5341
0.6,90.0,540.0,0.6430,61.2303
0.6,90.0,560.0,0.6689,61.9355
0.6,90.0,580.0,0.6945,62.6477
0.6,90.0,600.0,0.7196,63.3676
0.6,90.0,620.0,0.7442,64.0953
0.6,90.0,640.0,0.7683,64.8292
0.6,90.0,660.0,0.7919,65.5704
0.6,90.0,680.0,0.8148,66.3186
0.6,90.0,700.0,0.8371,67.0723
0.6,90.0,720.0,0.8587,67.8327
0.6,90.0,740.0,0.8793,68.6006
0.6,90.0,760.0,0.8990,69.3768
0.6,90.0,780.0,0.9175,70.1640
0.6,90.0,800.0,0.9346,70.9650
0.6,90.0,820.0,0.9501,71.7867
0.6,90.0,840.0,0.9634,72.6384
0.6,90.0,860.0,0.9744,73.5193
0.6,90.0,880.0,0.9832,74.4178
0.6,90.0,900.0,0.9899,75.3226
0.6,90.0,920.0,0.9949,76.2217
0.6,90.0,940.0,0.9981,77.1102
0.6,90.0,960.0,0.9998,77.9836
0.6,90.0,980.0,1.0000,78.8350
0.6,90.0,1000.0,1.0000,79.6198
0.6,90.0,1020.0,1.0000,80.3409
0.6,90.0,1040.0,1.0000,81.0059
0.6,90.0,1060.0,1.0000,81.6206
0.6,90.0,1080.0,1.0000,82.1898
0.6,90.0,1100.0,1.0000,82.7178
0.6,90.0,1120.0,1.0000,83.2080
0.6,90.0,1140.0,1.0000,83.6637
0.6,90.0,1160.0,1.0000,84.0875
0.6,90.0,1180.0,1.0000,84.4821
0.6,90.0,1200.0,1.0000,84.8496
0.6,90.0,1220.0,1.0000,85.1920
0.6,90.0,1240.0,1.0000,85.5112
0.6,90.0,1260.0,1.0000,85.8089
0.6,90.0,1280.0,1.0000,86.0866
0.6,90.0,1300.0,1.0000,86.3457
0.6,90.0,1320.0,1.0000,86.5875
0.6,90.0,1340.0,1.0000,86.8131
0.6,90.0,1360.0,1.0000,87.0238
0.6,90.0,1380.0,1.0000,87.2205
0.6,90.0,1400.0,1.0000,87.4041
0.6,90.0,1420.0,1.0000,87.5756
0.6,90.0,1440.0,1.0000,87.7357
0.6,90.0,1460.0,1.0000,87.8853
0.6,90.0,1480.0,1.0000,88.0249
0.6,90.0,1500.0,1.0000,88.1554
0.6,90.0,1520.0,1.0000,88.2772
0.6,90.0,1540.0,1.0000,88.3910
0.6,90.0,1560.0,1.0000,88.4973
0.6,90.0,1580.0,1.0000,88.5966
0.6,90.0,1600.0,1.0000,88.6893
0.6,90.0,1620.0,1.0000,88.7759
0.6,90.0,1640.0,1.0000,88.8568
0.6,90.0,1660.0,1.0000,88.9323
0.6,90.0,1680.0,1.0000,89.0029
0.6,90.0,1700.0,1.0000,89.0688
0.6,90.0,1720.0,1.0000,89.1304
0.6,90.0,1740.0,1.0000,89.1878
0.6,90.0,1760.0,1.0000,89.2415
0.6,90.0,1780.0,1.0000,89.2917
0.6,90.0,1800.0,1.0000,89.3385
0.6,90.0,1820.0,1.0000,89.3822
0.6,90.0,1840.0,1.0000,89.4230
0.6,90.0,1860.0,1.0000,89.4611
0.6,90.0,1880.0,1.0000,89.4967
0.6,90.0,1900.0,1.0000,89.5300
0.6,90.0,1920.0,1.0000,89.5610
0.6,90.0,1940.0,1.0000,89.5900
0.6,90.0,1960.0,1.0000,89.6170
0.6,90.0,1980.0,1.0000,89.6422
0.6,90.0,2000.0,1.0000,89.6658
0.6,95.0,0.0,0.0000,30.0000
0.6,95.0,20.0,0.0000,32.0496
0.6,95.0,40.0,0.0071,34.5529
0.6,95.0,60.0,0.0251,36.6752
0.6,95.0,80.0,0.0488,38.5388
0.6,95.0,100.0,0.0760,40.2225
0.6,95.0,120.0,0.1052,41.7827
0.6,95.0,140.0,0.1357,43.2392
0.6,95.0,160.0,0.1663,44.6371
0.6,95.0,180.0,0.1968,45.9750
0.6,95.0,200.0,0.2265,47.2901
0.6,95.0,220.0,0.2555,48.5671
0.6,95.0,240.0,0.2840,49.8087
0.6,95.0,260.0,0.3120,51.0093
0.6,95.0,280.0,0.3397,52.1718
0.6,95.0,300.0,0.3671,53.2952
0.6,95.0,320.0,0.3944,54.3768
0.6,95.0,340.0,0.4217,55.4173
0.6,95.0,360.0,0.4490,56.4219
0.6,95.0,380.0,0.4764,57.3892
0.6,95.0,400.0,0.5039,58.3206
0.6,95.0,420.0,0.5318,59.2178
0.6,95.0,440.0,0.5601,60.0784
0.6,95.0,460.0,0.5890,60.9045
0.6,95.0,480.0,0.6179,61.7228
0.6,95.0,500.0,0.6464,62.5484
0.6,95.0,520.0,0.6744,63.3840
0.6,95.0,540.0,0.7019,64.2286
0.6,95.0,560.0,0.7289,65.0831
0.6,95.0,580.0,0.7553,65.9458
0.6,95.0,600.0,0.7810,66.8175
0.6,95.0,620.0,0.8061,67.6969
0.6,95.0,640.0,0.8303,68.5848
0.6,95.0,660.0,0.8537,69.4805
0.6,95.0,680.0,0.8761,70.3848
0.6,95.0,700.0,0.8974,71.3003
0.6,95.0,720.0,0.9172,72.2287
0.6,95.0,740.0,0.9355,73.1752
0.6,95.0,760.0,0.9516,74.1479
0.6,95.0,780.0,0.9653,75.1563
0.6,95.0,800.0,0.9763,76.1933
0.6,95.0,820.0,0.9850,77.2431
0.6,95.0,840.0,0.9915,78.2924
0.6,95.0,860.0,0.9961,79.3304
0.6,95.0,880.0,0.9989,80.3491
0.6,95.0,900.0,1.0000,81.3482
0.6,95.0,920.0,1.0000,82.3022
0.6,95.0,940.0,1.0000,83.1772
0.6,95.0,960.0,1.0000,83.9841
0.6,95.0,980.0,1.0000,84.7303
0.6,95.0,1000.0,1.0000,85.4217
0.6,95.0,1020.0,1.0000,86.0634
0.6,95.0,1040.0,1.0000,86.6597
0.6,95.0,1060.0,1.0000,87.2145
0.6,95.0,1080.0,1.0000,87.7309
0.6,95.0,1100.0,1.0000,88.2121
0.6,95.0,1120.0,1.0000,88.6607
0.6,95.0,1140.0,1.0000,89.0790
0.6,95.0,1160.0,1.0000,89.4693
0.6,95.0,1180.0,1.0000,89.8336
0.6,95.0,1200.0,1.0000,90.1737
0.6,95.0,1220.0,1.0000,90.4913
0.6,95.0,1240.0,1.0000,90.7878
0.6,95.0,1260.0,1.0000,91.0648
0.6,95.0,1280.0,1.0000,91.3236
0.6,95.0,1300.0,1.0000,91.5653
0.6,95.0,1320.0,1.0000,91.7912
0.6,95.0,1340.0,1.0000,92.0023
0.6,95.0,1360.0,1.0000,92.1995
0.6,95.0,1380.0,1.0000,92.3837
0.6,95.0,1400.0,1.0000,92.5559
0.6,95.0,1420.0,1.0000,92.7168
0.6,95.0,1440.0,1.0000,92.8671
0.6,95.0,1460.0,1.0000,93.0076
0.6,95.0,1480.0,1.0000,93.1389
0.6,95.0,1500.0,1.0000,93.2615
0.6,95.0,1520.0,1.0000,93.3761
0.6,95.0,1540.0,1.0000,93.4832
0.6,95.0,1560.0,1.0000,93.5832
0.6,95.0,1580.0,1.0000,93.6767
0.6,95.0,1600.0,1.0000,93.7640
0.6,95.0,1620.0,1.0000,93.8456
0.6,95.0,1640.0,1.0000,93.9218
0.6,95.0,1660.0,1.0000,93.9930
0.6,95.0,1680.0,1.0000,94.0595
0.6,95.0,1700.0,1.0000,94.1216
0.6,95.0,1720.0,1.0000,94.1797
0.6,95.0,1740.0,1.0000,94.2339
0.6,95.0,1760.0,1.0000,94.2845
0.6,95.0,1780.0,1.0000,94.3318
0.6,95.0,1800.0,1.0000,94.3759
0.6,95.0,1820.0,1.0000,94.4172
0.6,95.0,1840.0,1.0000,94.4557
0.6,95.0,1860.0,1.0000,94.4916
0.6,95.0,1880.0,1.0000,94.5252
0.6,95.0,1900.0,1.0000,94.5565
0.6,95.0,1920.0,1.0000,94.5858
0.6,95.0,1940.0,1.0000,94.6131
0.6,95.0,1960.0,1.0000,94.6386
0.6,95.0,1980.0,1.0000,94.6624
0.6,95.0,2000.0,1.0000,94.6847
0.6,100.0,0.0,0.0000,30.0000
0.6,100.0,20.0,0.0000,32.2073
0.6,100.0,40.0,0.0108,34.7951
0.6,100.0,60.0,0.0324,36.9904
0.6,100.0,80.0,0.0598,38.9199
0.6,100.0,100.0,0.0905,40.6746
0.6,100.0,120.0,0.1230,42.3106
0.6,100.0,140.0,0.1562,43.8688
0.6,100.0,160.0,0.1890,45.3812
0.6,100.0,180.0,0.2213,46.8521
0.6,100.0,200.0,0.2527,48.2950
0.6,100.0,220.0,0.2833,49.7063
0.6,100.0,240.0,0.3133,51.0800
0.6,100.0,260.0,0.3429,52.4124
0.6,100.0,280.0,0.3722,53.7018
0.6,100.0,300.0,0.4012,54.9497
0.6,100.0,320.0,0.4301,56.1551
0.6,100.0,340.0,0.4591,57.3178
0.6,100.0,360.0,0.4882,58.4394
0.6,100.0,380.0,0.5174,59.5223
0.6,100.0,400.0,0.5470,60.5647
0.6,100.0,420.0,0.5771,61.5656
0.6,100.0,440.0,0.6079,62.5287
0.6,100.0,460.0,0.6385,63.4861
0.6,100.0,480.0,0.6687,64.4530
0.6,100.0,500.0,0.6983,65.4308
0.6,100.0,520.0,0.7272,66.4205
0.6,100.0,540.0,0.7554,67.4198
0.6,100.0,560.0,0.7829,68.4302
0.6,100.0,580.0,0.8096,69.4496
0.6,100.0,600.0,0.8353,70.4794
0.6,100.0,620.0,0.8601,71.5185
0.6,100.0,640.0,0.8835,72.5697
0.6,100.0,660.0,0.9056,73.6339
0.6,100.0,680.0,0.9259,74.7174
0.6,100.0,700.0,0.9441,75.8260
0.6,100.0,720.0,0.9596,76.9730
0.6,100.0,740.0,0.9722,78.1552
0.6,100.0,760.0,0.9821,79.3549
0.6,100.0,780.0,0.9896,80.5543
0.6,100.0,800.0,0.9949,81.7403
0.6,100.0,820.0,0.9983,82.9054
0.6,100.0,840.0,0.9999,84.0437
0.6,100.0,860.0,1.0000,85.1427
0.6,100.0,880.0,1.0000,86.1549
0.6,100.0,900.0,1.0000,87.0891
0.6,100.0,920.0,1.0000,87.9540
0.6,100.0,940.0,1.0000,88.7562
0.6,100.0,960.0,1.0000,89.5016
0.6,100.0,980.0,1.0000,90.1951
0.6,100.0,1000.0,1.0000,90.8409
0.6,100.0,1020.0,1.0000,91.4428
0.6,100.0,1040.0,1.0000,92.0042
0.6,100.0,1060.0,1.0000,92.5281
0.6,100.0,1080.0,1.0000,93.0171
0.6,100.0,1100.0,1.0000,93.4738
0.6,100.0,1120.0,1.0000,93.9005
0.6,100.0,1140.0,1.0000,94.2991
0.6,100.0,1160.0,1.0000,94.6717
0.6,100.0,1180.0,1.0000,95.0199
0.6,100.0,1200.0,1.0000,95.3454
0.6,100.0,1220.0,1.0000,95.6498
0.6,100.0,1240.0,1.0000,95.9343
0.6,100.0,1260.0,1.0000,96.2003
0.6,100.0,1280.0,1.0000,96.4490
0.6,100.0,1300.0,1.0000,96.6815
0.6,100.0,1320.0,1.0000,96.8989
0.6,100.0,1340.0,1.0000,97.1022
0.6,100.0,1360.0,1.0000,97.2922
0.6,100.0,1380.0,1.0000,97.4699
0.6,100.0,1400.0,1.0000,97.6360
0.6,100.0,1420.0,1.0000,97.7912
0.6,100.0,1440.0,1.0000,97.9364
0.6,100.0,1460.0,1.0000,98.0720
0.6,100.0,1480.0,1.0000,98.1988
0.6,100.0,1500.0,1.0000,98.3173
0.6,100.0,1520.0,1.0000,98.4281
0.6,100.0,1540.0,1.0000,98.5316
0.6,100.0,1560.0,1.0000,98.6284
0.6,100.0,1580.0,1.0000,98.7188
0.6,100.0,1600.0,1.0000,98.8032
1.1,90.0,0.0,0.0000,30.0000
1.1,90.0,20.0,0.0007,33.4555
1.1,90.0,40.0,0.0186,37.3233
1.1,90.0,60.0,0.0500,40.5132
1.1,90.0,80.0,0.0910,43.1372
1.1,90.0,100.0,0.1377,45.3405
1.1,90.0,120.0,0.1875,47.2414
1.1,90.0,140.0,0.2388,48.9108
1.1,90.0,160.0,0.2896,50.4524
1.1,90.0,180.0,0.3390,51.9187
1.1,90.0,200.0,0.3876,53.2951
1.1,90.0,220.0,0.4360,54.5828
1.1,90.0,240.0,0.4846,55.8008
1.1,90.0,260.0,0.5339,56.9458
1.1,90.0,280.0,0.5821,58.0991
1.1,90.0,300.0,0.6285,59.2868
1.1,90.0,320.0,0.6729,60.5093
1.1,90.0,340.0,0.7154,61.7588
1.1,90.0,360.0,0.7560,63.0332
1.1,90.0,380.0,0.7943,64.3310
1.1,90.0,400.0,0.8305,65.6478
1.1,90.0,420.0,0.8641,66.9845
1.1,90.0,440.0,0.8949,68.3448
1.1,90.0,460.0,0.9228,69.7190
1.1,90.0,480.0,0.9473,71.1172
1.1,90.0,500.0,0.9678,72.5442
1.1,90.0,520.0,0.9835,74.0174
1.1,90.0,540.0,0.9938,75.5389
1.1,90.0,560.0,0.9988,77.0805
1.1,90.0,580.0,1.0000,78.5752
1.1,90.0,600.0,1.0000,79.9157
1.1,90.0,620.0,1.0000,81.0862
1.1,90.0,640.0,1.0000,82.1128
1.1,90.0,660.0,1.0000,83.0157
1.1,90.0,680.0,1.0000,83.8115
1.1,90.0,700.0,1.0000,84.5138
1.1,90.0,720.0,1.0000,85.1346
1.1,90.0,740.0,1.0000,85.6838
1.1,90.0,760.0,1.0000,86.1701
1.1,90.0,780.0,1.0000,86.6009
1.1,90.0,800.0,1.0000,86.9827
1.1,90.0,820.0,1.0000,87.3214
1.1,90.0,840.0,1.0000,87.6218
1.1,90.0,860.0,1.0000,87.8883
1.1,90.0,880.0,1.0000,88.1249
1.1,90.0,900.0,1.0000,88.3349
1.1,90.0,920.0,1.0000,88.5213
1.1,90.0,940.0,1.0000,88.6868
1.1,90.0,960.0,1.0000,88.8337
1.1,90.0,980.0,1.0000,88.9642
1.1,90.0,1000.0,1.0000,89.0801
1.1,90.0,1020.0,1.0000,89.1831
1.1,90.0,1040.0,1.0000,89.2745
1.1,90.0,1060.0,1.0000,89.3556
1.1,90.0,1080.0,1.0000,89.4277
1.1,90.0,1100.0,1.0000,89.4918
1.1,90.0,1120.0,1.0000,89.5486
1.1,90.0,1140.0,1.0000,89.5991
1.1,90.0,1160.0,1.0000,89.6440
1.1,90.0,1180.0,1.0000,89.6838
1.1,90.0,1200.0,1.0000,89.7192
1.1,90.0,1220.0,1.0000,89.7506
1.1,90.0,1240.0,1.0000,89.7785
1.1,90.0,1260.0,1.0000,89.8033
1.1,90.0,1280.0,1.0000,89.8253
1.1,90.0,1300.0,1.0000,89.8448
1.1,90.0,1320.0,1.0000,89.8621
1.1,90.0,1340.0,1.0000,89.8775
1.1,90.0,1360.0,1.0000,89.8912
1.1,90.0,1380.0,1.0000,89.9033
1.1,90.0,1400.0,1.0000,89.9141
1.1,90.0,1420.0,1.0000,89.9236
1.1,90.0,1440.0,1.0000,89.9321
1.1,90.0,1460.0,1.0000,89.9396
1.1,90.0,1480.0,1.0000,89.9463
1.1,90.0,1500.0,1.0000,89.9522
